Morph-Lemma,Morph-Inflection
〇,〇
あ,あ
あ〜,あ〜
あぁ,あぁ
ああ,ああ
あいつ,あいつ
あいにく,あいにく
あう,あい
あう,あう
あう,あっ
あう,あわ
あえて,あえて
あがる,あがっ
あがる,あがら
あがる,あがり
あがる,あがる
あきらめる,あきらめ
あきらめる,あきらめる
あきらめる,あきらめろ
あきる,あき
あく,あか
あく,あき
あく,あく
あくまで,あくまで
あくまでも,あくまでも
あける,あけ
あける,あける
あける,あけろ
あげく,あげく
あげる,あげ
あげる,あげよ
あげる,あげる
あげる,あげれ
あげる,あげん
あさって,あさって
あした,あした
あそこ,あそこ
あたし,あたし
あたたかい,あたたかい
あたり,あたり
あたる,あたっ
あたる,あたる
あだ名,あだ名
あちら,あちら
あっ,あっ
あっさり,あっさり
あっち,あっち
あっという間に,あっという間に
あつい,あつ
あつい,あつい
あつい,あつし
あと,あと
あなた,あなた
あの,あの
あの世,あの世
あふれる,あふれ
あふれる,あふれる
あぶない,あぶない
あぶる,あぶ
あぶる,あぶっ
あぶる,あぶり
あまり,あまり
あまりに,あまりに
あむ,あむ
あむ,あも
あむ,あん
あら,あら
あらう,あらっ
あらす,あらす
ありえる,ありえ
ありえる,ありえる
ありえる,ありえん
ありがたい,ありがた
ありがたい,ありがたい
ありがたい,ありがたかっ
ありがたい,ありがたく
ありがと,ありがと
ありがとう,ありがとう
ありのまま,ありのまま
ありふれる,ありふれ
ある,あ
ある,あっ
ある,あら
ある,あり
ある,ありゃ
ある,ある
ある,あれ
ある,あろ
ある,あん
あるいは,あるいは
あるく,あるか
ある程度,ある程度
あれ,あれ
あれこれ,あれこれ
あん,あん
あんた,あんた
あんな,あんな
あんなに,あんなに
あんま,あんま
あんまり,あんまり
あッ,あッ
あー,あー
い,い
いい,いい
いい,いいいっ
いい,いいっ
いいえ,いいえ
いいかげん,いいかげん
いいかねる,いいかね
いい加減,いい加減
いう,いい
いう,いう
いう,いえ
いう,いお
いう,いっ
いう,いわ
いえ,いえ
いえいえ,いえいえ
いか,いか
いかが,いかが
いかにも,いかにも
いかれる,いかれ
いかれる,いかれる
いきなり,いきなり
いく,いか
いく,いき
いく,いく
いく,いけ
いく,いこ
いく,いっ
いくつ,いくつ
いくよ,いくよ
いくら,いくら
いくらでも,いくらでも
いける,いけ
いける,いける
いける,いけん
いざ,いざ
いざる,いざっ
いじめ,いじめ
いじめる,いじめ
いじめる,いじめる
いじる,いじっ
いじる,いじり
いじる,いじる
いじる,いじれ
いずれ,いずれ
いたい,いた
いたい,いたい
いたい,いたかっ
いたい,いたく
いたい,いたし
いたす,いたし
いたす,いたす
いたずら,いたずら
いただく,いただい
いただく,いただか
いただく,いただき
いただく,いただく
いただく,いただこ
いただける,いただけ
いただける,いただける
いただける,いただけれ
いたむ,いたみ
いたむ,いたん
いたる,いたっ
いたる,いたる
いた事,いた事
いちいち,いちいち
いちばん,いちばん
いっか,いっか
いったい,いったい
いったん,いったん
いっとき,いっとき
いっぱい,いっぱい
いつ,いつ
いつか,いつか
いつの間に,いつの間に
いつの間にか,いつの間にか
いつも,いつも
いなほ,いなほ
いふ,いは
いふ,いふ
いま,いま
いまだ,いまだ
いも,いも
いや,いや
いやぁ,いやぁ
いやあ,いやあ
いやいや,いやいや
いやー,いやー
いよいよ,いよいよ
いらいら,いらいら
いらっしゃい,いらっしゃい
いらっしゃる,いらっしゃい
いらっしゃる,いらっしゃっ
いらっしゃる,いらっしゃら
いらっしゃる,いらっしゃる
いる,い
いる,いっ
いる,いよ
いる,いら
いる,いり
いる,いりゃ
いる,いる
いる,いれ
いる,いろ
いる,いん
いるか,いるか
いれる,いれ
いれる,いれる
いれる,いれれ
いろいろ,いろいろ
いろんな,いろんな
いわば,いわば
いわゆる,いわゆる
う,う
うい,う
うい,うい
うい,うぅ
うい,うう
うい,うかっ
うい,うから
うい,うき
うい,うく
うい,うくっ
ううん,ううん
うえ,うえ
うそ,うそ
うち,うち
うっする,うっせ
うっとうしい,うっとうし
うっとうしい,うっとうしい
うっとうしい,うっとうしかっ
うつ,うた
うつ,うち
うつ,うっ
うつ,うつ
うつる,うつっ
うつる,うつる
うつ伏せる,うつ伏せ
うつ病,うつ病
うのみ,うのみ
うまい,うま
うまい,うまい
うまい,うまかっ
うまい,うまかろ
うまい,うまく
うまく,うまく
うまる,うまっ
うらやましい,うらやましい
うらやましい,うらやましかっ
うらやましい,うらやましく
うる,うっ
うる,うら
うる,うりゃ
うる,うる
うるさい,うるさ
うるさい,うるさい
うるさい,うるさかっ
うるさい,うるさく
うれしい,うれし
うれしい,うれしい
うれしい,うれしかっ
うれしい,うれしかろ
うれしい,うれしく
うれしい,うれしくっ
うれしい,うれしゅう
うわ,うわ
うわさ,うわさ
うん,うん
うんこ,うんこ
うーん,うーん
え,え
ええ,ええ
えぐる,えぐっ
えぐる,えぐら
えぐる,えぐり
えぐる,えぐる
えっ,えっ
えと,えと
えらい,えら
えらい,えらい
えらい,えらく
える,え
える,えっ
える,えよ
える,えら
える,えり
える,える
える,えれ
える,えん
えッ,えッ
えー,えー
えーと,えーと
お,お
おい,おい
おいおい,おいおい
おいしい,おいし
おいしい,おいしい
おいしい,おいしかっ
おいしい,おいしく
おいしい,おいしけれ
おいしい,おいしゅう
おいで,おいで
おう,おい
おう,おう
おう,おわ
おぉ,おぉ
おおう,おおお
おおう,おおっ
おかえり,おかえり
おかけ,おかけ
おかげ,おかげ
おかし,おかし
おかしい,おかしい
おかしい,おかしく
おかす,おかし
おき,おき
おく,おい
おく,おか
おく,おき
おく,おく
おく,おけ
おく,おこ
おごる,おごっ
おごる,おごり
おごる,おごる
おごる,おごれ
おごる,おごろ
おしまい,おしまい
おしゃべり,おしゃべり
おじ,おじ
おじいさん,おじいさん
おじいちゃん,おじいちゃん
おじさん,おじさん
おすすめ,おすすめ
おそらく,おそらく
おっ,おっ
おっさん,おっさん
おっしゃる,おっしゃ
おっしゃる,おっしゃい
おっしゃる,おっしゃっ
おっしゃる,おっしゃら
おっしゃる,おっしゃる
おっちゃん,おっちゃん
おでこ,おでこ
おとうさん,おとうさん
おととい,おととい
おとなしい,おとなしい
おとなしい,おとなしく
おどる,おどり
おどる,おどりゃ
おどろかす,おどろかさ
おどろく,おどろい
おなか,おなか
おののく,おののく
おはよう,おはよう
おばあさん,おばあさん
おばけ,おばけ
おばさん,おばさん
おまえ,おまえ
おまかせ,おまかせ
おめでとう,おめでとう
おもしろい,おもしろ
おもしろい,おもしろい
おもしろい,おもしろかっ
おもちゃ,おもちゃ
おもてなし,おもてなし
おやじ,おやじ
およそ,およそ
おら,おら
おりる,おり
おる,お
おる,おっ
おる,おら
おる,おり
おる,おりゃ
おる,おる
おる,おろ
おる,おん
おーい,おーい
お世話,お世話
お互い,お互い
お伝え,お伝え
お側,お側
お先に,お先に
お前,お前
お化け,お化け
お参り,お参り
お呼び,お呼び
お墨付き,お墨付き
お嬢さん,お嬢さん
お嬢様,お嬢様
お子さん,お子さん
お守り,お守り
お客,お客
お客様,お客様
お寺,お寺
お年玉,お年玉
お幸せ,お幸せ
お待ち,お待ち
お悔やみ,お悔やみ
お手上げ,お手上げ
お手伝い,お手伝い
お断り,お断り
お昼,お昼
お札,お札
お正月,お正月
お母さん,お母さん
お気,お気
お湯,お湯
お父さん,お父さん
お疲れさま,お疲れさま
お疲れ様,お疲れ様
お盆,お盆
お目にかかる,お目にかかっ
お目にかかる,お目にかかり
お目にかかる,お目にかかる
お知らせ,お知らせ
お礼,お礼
お祝い,お祝い
お立ち,お立ち
お笑い,お笑い
お答え,お答え
お腹,お腹
お花畑,お花畑
お茶,お茶
お菓子,お菓子
お薦め,お薦め
お袋,お袋
お許し,お許し
お詫び,お詫び
お話,お話
お話し,お話し
お辞儀,お辞儀
お返し,お返し
お金,お金
お開き,お開き
お隣,お隣
お願い,お願い
か,か
かぁ,かぁ
かい,かい
かう,かい
かう,かう
かう,かお
かう,かっ
かう,かわ
かえって,かえって
かお,かお
かかし,かかし
かかる,かかっ
かかる,かから
かかる,かかり
かかる,かかる
かかる,かかれ
かかる,かかろ
かかる,かかん
かかれる,かかれ
かかわる,かかわっ
かかわる,かかわら
かかわる,かかわり
かかわる,かかわる
かき消す,かき消す
かく,かい
かく,かか
かく,かき
かく,かく
かけ,かけ
かけつける,かけつけ
かけつける,かけつける
かける,かけ
かける,かけよ
かける,かけりゃ
かける,かける
かける,かけれ
かける,かけろ
かける,かけん
かしこまる,かしこまっ
かしこまる,かしこまり
かしら,かしら
かす,かさ
かす,かし
かす,かす
かす,かそ
かすか,かすか
かせる,かせ
かぜ,かぜ
かたい,かた
かたい,かたい
かたい,かたき
かっこいい,かっこいい
かつて,かつて
かな,かな
かなう,かない
かなう,かなう
かなう,かなっ
かなう,かなわ
かなえる,かなえ
かなえる,かなえよ
かなえる,かなえる
かなり,かなり
かねる,かね
かばう,かばい
かばう,かばう
かばう,かばお
かばう,かばっ
かぶる,かぶ
かぶる,かぶっ
かぶる,かぶら
かぶる,かぶり
かぶる,かぶる
かぶる,かぶれ
かまう,かまい
かまう,かまう
かまう,かまっ
かまう,かまわ
かみつく,かみつい
かみつく,かみつき
かみつく,かみつく
かむ,かま
かむ,かみ
かむ,かむ
かむ,かも
かむ,かん
かも,かも
かよ,かよ
かよう,かよい
かよう,かよう
かよう,かよえ
かよう,かよっ
から,から
からかう,からかう
からかう,からかっ
からかう,からかわ
からには,からには
からむ,からも
からむ,からん
かれる,かれ
かれる,かれる
かわいい,かわい
かわいい,かわいい
かわいい,かわいかっ
かわいい,かわいく
かわいそう,かわいそう
かわく,かわい
かわく,かわか
かわり,かわり
かん,かん
か月,か月
が,が
がい,がい
がたい,がたい
がたい,がたく
がち,がち
がっつく,がっつい
がる,が
がる,がっ
がる,がら
がる,がり
がる,がる
がる,がれ
がる,がん
がれ,がれ
がんばる,がんばっ
がんばる,がんばり
がんばる,がんばる
き,き
き,し
きく,きい
きく,きか
きく,きき
きく,きく
きたえる,きたえ
きちんと,きちんと
きっかけ,きっかけ
きっと,きっと
きつい,きつ
きつい,きつい
きつい,きつかっ
きつい,きつく
きみ,きみ
きらい,きらい
きり,きり
きる,き
きる,きっ
きる,きら
きる,きり
きる,きる
きる,きろ
きれい,きれい
きれる,きれ
きれる,きれる
きれる,きれん
く,か
く,きゃ
く,く
く,け
く,こ
く,っ
くい,く
くい,くい
くい,くぅ
くい,くう
くい,くから
くい,くき
くい,くく
くい,くくっ
くい,くし
くいる,くい
くぐる,くぐっ
くぐる,くぐり
くぐる,くぐる
くぐる,くぐれ
くさい,くさ
くさい,くさい
くさい,くさく
くしゃみ,くしゃみ
くじ,くじ
くじける,くじける
くせ,くせ
くそ,くそ
くだ,くだ
くださる,ください
くださる,くださっ
くださる,くださら
くださる,くださる
くださる,くだされ
くだらない,くだらない
くつ下,くつ下
くま,くま
くらい,くらい
くり,くり
くる,き
くる,く
くる,くっ
くる,くり
くる,くる
くる,くれ
くる,くん
くる,こ
くる,こい
くる,こよ
くるう,くるっ
くるまれる,くるまれ
くれぐれも,くれぐれも
くれる,くれ
くれる,くれよ
くれる,くれりゃ
くれる,くれる
くれる,くれれ
くれる,くん
くん,くん
ぐいぐい,ぐいぐい
ぐっすり,ぐっすり
ぐっと,ぐっと
ぐらい,ぐらい
け,け
けち,けち
けど,けど
けども,けども
けなす,けなさ
けなす,けなし
ける,けっ
ける,けら
ける,けりゃ
ける,ける
ける,けれ
ける,けろ
ける,けん
けれど,けれど
けれども,けれども
けんか,けんか
げっ,げっ
げんこつ,げんこつ
こ,こ
こい,こ
こい,こい
こい,こかっ
こい,こき
こい,こく
こいつ,こいつ
こう,こい
こう,こう
こう,こっ
こういう,こういう
こうか,こうか
こうした,こうした
こうして,こうして
こぎ着ける,こぎ着け
こける,こけ
こける,こける
ここ,ここ
こじれる,こじれ
こじれる,こじれる
こそ,こそ
こたつ,こたつ
こだわる,こだわっ
こだわる,こだわら
こだわる,こだわる
こちら,こちら
こっそり,こっそり
こっち,こっち
こと,こと
ことに,ことに
ことみ,ことみ
こないだ,こないだ
この,この
この世,この世
この間,この間
こぼす,こぼし
こぼす,こぼす
こら,こら
こらぁ,こらぁ
こりゃ,こりゃ
こる,こっ
こる,これ
これ,これ
これから,これから
これら,これら
ころ,ころ
こわい,こわ
こわい,こわい
こんな,こんな
こんなに,こんなに
こんなにも,こんなにも
こんなふうに,こんなふうに
こんにちは,こんにちは
ご,ご
ごきげんよう,ごきげんよう
ごく,ごく
ござる,ござい
ござる,ござる
ござる,ござん
ごちそうさま,ごちそうさま
ごと,ごと
ごとし,ごとき
ごとし,ごとく
ごとし,ごとし
ごはん,ごはん
ごま,ごま
ごみ,ごみ
ごめん,ごめん
ごめんなさい,ごめんなさい
ごらん,ごらん
ごろ,ごろ
ご存じ,ご存じ
ご存知,ご存知
ご無沙汰,ご無沙汰
ご苦労,ご苦労
ご覧,ご覧
ご飯,ご飯
ご馳走,ご馳走
さ,さ
さぁ,さぁ
さあ,さあ
さえ,さえ
さえ子,さえ子
さくら,さくら
ささげる,ささげ
ささげる,ささげる
さして,さして
さす,ささ
さす,さし
さす,さす
さす,さそ
さすが,さすが
させる,させ
させる,させよ
させる,させりゃ
させる,させる
させる,させろ
さっき,さっき
さっさと,さっさと
さっそく,さっそく
さっと,さっと
さっぱり,さっぱり
さて,さて
さてと,さてと
さばける,さばける
さぼる,さぼっ
さぼる,さぼら
さぼる,さぼり
さぼる,さぼる
さま,さま
さまざま,さまざま
さみしい,さみし
さみしい,さみしい
さみしい,さみしく
さむい,さむ
さらう,さらう
さらう,さらっ
さらう,さらわ
さらす,さらさ
さらす,さらし
さらす,さらす
さらす,さらせ
さらに,さらに
さる,さっ
さる,さり
さる,さる
さる,され
さる,さん
さわやか,さわやか
さわる,さわっ
さわる,さわら
さわる,さわん
さん,さん
し,し
しおる,しお
しおる,しおっ
しおる,しおり
しか,しか
しかし,しかし
しかして,しかして
しかしながら,しかしながら
しかた,しかた
しかも,しかも
しかる,しから
しかる,しかり
しかる,しかる
したう,したい
したう,したっ
したがう,したがっ
しっかり,しっかり
しつこい,しつこい
しつこい,しつこかっ
しつこい,しつこく
してやる,してや
してやる,してやっ
してやる,してやら
してやる,してやり
してやる,してやる
してやる,してやれ
してやる,してやろ
しのぐ,しのい
しのぐ,しのぐ
しのぐ,しのご
しばらく,しばらく
しびれる,しびれ
しびれる,しびれる
しぼむ,しぼん
しま,しま
しまう,しまい
しまう,しまう
しまう,しまえ
しまう,しまお
しまう,しまっ
しまう,しまわ
しみったれる,しみったれ
しゃべる,しゃべ
しゃべる,しゃべっ
しゃべる,しゃべら
しゃべる,しゃべり
しゃべる,しゃべる
しゃべる,しゃべれ
しゃべる,しゃべろ
しゃべる,しゃべん
しゅっ,しゅっ
しょう,しょう
しょう,しょお
しょう,しょっ
しょうが,しょうが
しょうゆ,しょうゆ
しょせん,しょせん
しょっちゅう,しょっちゅう
しよう,しよう
しれる,しれ
しれる,しれん
しろくま,しろくま
しんどい,しんどい
しんどい,しんどかっ
しんどい,しんどく
じ,じ
じいさん,じいさん
じっくり,じっくり
じっと,じっと
じまう,じまい
じまう,じまう
じまう,じまえ
じまう,じまお
じまう,じまっ
じまう,じまわ
じゃ,じゃ
じゃ,じゃっ
じゃ,じゃろ
じゃあ,じゃあ
じゃう,じゃっ
じゃん,じゃん
す,さ
す,し
す,しゃ
す,す
す,そ
すい,す
すい,すい
すい,すぅ
すい,すかっ
すい,すから
すい,すく
すいません,すいません
すう,すい
すう,すっ
すか,すか
すぎ,すぎ
すぎる,すぎ
すぎる,すぎよ
すぎる,すぎりゃ
すぎる,すぎる
すぎる,すぎれ
すぎる,すぎん
すく,すい
すく,すか
すく,すき
すく,すけ
すく,すこ
すぐ,すぐ
すぐれる,すぐれ
すげる,すげ
すこし,すこし
すごい,すご
すごい,すごい
すごい,すごかっ
すごい,すごく
すごい,すごくっ
すごみ,すごみ
すすぐ,すすい
すすぐ,すすぎ
すすぐ,すすぐ
すすぐ,すすご
すっかり,すっかり
すっきり,すっきり
すっごい,すっご
すっごい,すっごい
すっごい,すっごく
すっぴん,すっぴん
すっぽかす,すっぽかし
すでに,すでに
すねる,すね
すばらしい,すばらしい
すばらしい,すばらしかっ
すばらしい,すばらしき
すばらしい,すばらしく
すべて,すべて
すまん,すまん
すみません,すみません
すむ,すま
すむ,すみ
すむ,すむ
すむ,すも
すむ,すん
すら,すら
する,さ
する,し
する,しょ
する,しよ
する,しろ
する,す
する,すっ
する,すら
する,すり
する,すりゃ
する,する
する,すれ
する,すろ
する,すん
する,せ
する,せい
する,せよ
すると,すると
すれ違い,すれ違い
すれ違う,すれ違う
すれ違う,すれ違っ
ずし,ずし
ずっと,ずっと
ずつ,ずつ
ずばり,ずばり
ずるい,ずるい
ずるい,ずるく
ずーっと,ずーっと
せい,せい
せいぜい,せいぜい
せいなん,せいなん
せいは,せいは
せっかく,せっかく
せまい,せまい
せめて,せめて
せる,せ
せる,せっ
せる,せよ
せる,せら
せる,せりゃ
せる,せる
せる,せれ
せる,せろ
せる,せん
ぜ,ぜ
ぜひ,ぜひ
そ,そ
そいつ,そいつ
そう,そい
そう,そう
そう,そお
そう,そっ
そういう,そういう
そういった,そういった
そういや,そういや
そうした,そうした
そうしたら,そうしたら
そうすると,そうすると
そうですね,そうですね
そうなると,そうなると
そうね,そうね
そこ,そこ
そこそこ,そこそこ
そこで,そこで
そこら,そこら
そしたら,そしたら
そして,そして
そそる,そそ
そそる,そそる
そちら,そちら
そっ,そっ
そっくり,そっくり
そっち,そっち
そっと,そっと
その,その
そのうえ,そのうえ
そのうち,そのうち
そのまま,そのまま
そのもの,そのもの
その他,その他
その後,その後
その間,その間
そば,そば
そもそも,そもそも
そら,そら
そりゃ,そりゃ
そる,そっ
そる,そら
そる,そり
そる,そる
そる,そろ
それ,それ
それから,それから
それぞれ,それぞれ
それだけ,それだけ
それで,それで
それでは,それでは
それでも,それでも
それと,それと
それとなく,それとなく
それとも,それとも
それなのに,それなのに
それなら,それなら
それに,それに
それにしても,それにしても
それら,それら
そろそろ,そろそろ
そんな,そんな
そんなに,そんなに
そんなふうに,そんなふうに
ぞ,ぞ
ぞっと,ぞっと
た,た
た,たら
た,たろ
たい,た
たい,たい
たい,たかっ
たい,たき
たい,たきゃ
たい,たく
たい,たくっ
たい,たけれ
たい,たし
たい,てぇ
たい,てえ
たい,とう
たくさん,たくさん
たくむ,たくも
たしか,たしか
たす,たさ
たす,たし
たす,たす
たす,たそ
たずねる,たずね
たたき起こす,たたき起こし
たたき起こす,たたき起こす
たたく,たたい
たたく,たたか
たたく,たたき
たたく,たたきゃ
たたく,たたく
たたく,たたけ
ただ,ただ
ただいま,ただいま
ただし,ただし
ただ今,ただ今
たち,たち
たった,たった
たった今,たった今
たって,たって
たっぷり,たっぷり
たつ,たた
たつ,たち
たつ,たちゃ
たつ,たっ
たつ,たつ
たつ,たと
たて,たて
たとえ,たとえ
たとえば,たとえば
たどりつく,たどりつい
たどりつく,たどりつき
たどりつく,たどりつく
たどり着く,たどり着い
たどり着く,たどり着か
たどり着く,たどり着き
たどり着く,たどり着く
たどり着く,たどり着け
たぬき,たぬき
たのむ,たのみ
たのむ,たのも
たび,たび
たぶん,たぶん
たま,たま
たまたま,たまたま
たまに,たまに
たまらない,たまらない
たまらない,たまらなかっ
たまらない,たまらなく
たまる,たまっ
たまる,たまら
たまる,たまり
たまる,たまる
たまる,たまん
ため,ため
ためる,ため
ためる,ためりゃ
ためる,ためる
ためる,ためろ
ため息,ため息
たり,たら
たり,たり
たり,たる
たり,たれ
たわける,たわけ
たん,たん
だ,だ
だ,だっ
だ,だら
だ,だろ
だ,で
だ,な
だ,なら
だいぶ,だいぶ
だから,だから
だからこそ,だからこそ
だが,だが
だけ,だけ
だけど,だけど
だし,だし
だす,ださ
だす,だし
だす,だす
だす,だそ
だって,だって
だの,だの
だべる,だべっ
だべる,だべら
だます,だまさ
だます,だまし
だます,だます
だます,だませ
だまる,だまり
だまる,だまる
だまる,だまれ
だめ,だめ
だらけ,だらけ
だらける,だらけ
だり,だり
だるい,だるく
だんだん,だんだん
ちえ子,ちえ子
ちぎれる,ちぎれ
ちぎれる,ちぎれる
ちげ,ちげ
ちなみに,ちなみに
ちまう,ちまい
ちまう,ちまう
ちまう,ちまえ
ちまう,ちまお
ちまう,ちまっ
ちまう,ちまわ
ちゃ,ちゃ
ちゃう,ちゃい
ちゃう,ちゃう
ちゃう,ちゃえ
ちゃう,ちゃお
ちゃう,ちゃっ
ちゃう,ちゃわ
ちゃらんぽらん,ちゃらんぽらん
ちゃり,ちゃり
ちゃん,ちゃん
ちゃんと,ちゃんと
ちゃーん,ちゃーん
ちや,ちや
ちょ,ちょ
ちょうど,ちょうど
ちょっと,ちょっと
ちょっとした,ちょっとした
ちょっぴり,ちょっぴり
ちょろい,ちょろ
ちょろい,ちょろい
ちょん,ちょん
ちらす,ちらさ
ちらす,ちらし
ちり,ちり
ちる,ち
ちる,ちっ
ちる,ちり
ちる,ちる
ちる,ちろ
ちる,ちん
っきり,っきり
っけ,っけ
っす,っし
っす,っしょ
っす,っす
って,って
っていう,っていう
ってな,ってな
っと,っと
っぽい,っぽ
っぽい,っぽい
っぽい,っぽかっ
っぽい,っぽく
っ子,っ子
つ,つ
つい,つい
ついていける,ついていけ
ついていける,ついていけん
ついてる,ついて
ついてる,ついてる
ついてる,ついてん
ついで,ついで
ついでに,ついでに
ついに,ついに
つかう,つかい
つかう,つかっ
つかう,つかわ
つかむ,つかま
つかむ,つかみ
つかむ,つかむ
つかむ,つかめ
つかむ,つかも
つかむ,つかん
つかめる,つかめ
つかめる,つかめよ
つかめる,つかめる
つきあい,つきあい
つきあう,つきあう
つきあう,つきあっ
つきそう,つきそっ
つきそう,つきそわ
つきもの,つきもの
つく,つい
つく,つか
つく,つき
つく,つく
つく,つけ
つくる,つくっ
つくる,つくら
つくる,つくり
つくる,つくる
つくる,つくれ
つくる,つくろ
つくれる,つくれ
つくれる,つくれる
つけ,つけ
つける,つけ
つける,つけよ
つける,つけりゃ
つける,つける
つける,つけれ
つける,つけろ
つける,つけん
つつ,つつ
つと,つと
つながり,つながり
つながる,つながっ
つながる,つながら
つながる,つながり
つながる,つながる
つながる,つながれ
つながる,つながん
つなぐ,つない
つなぐ,つなが
つなぐ,つなぎ
つなぐ,つなぎゃ
つなぐ,つなぐ
つなぐ,つなげ
つなぐ,つなご
つば,つば
つぶる,つぶっ
つぶる,つぶり
つまむ,つまみ
つまむ,つまん
つまらない,つまらな
つまらない,つまらない
つまり,つまり
つまる,つまっ
つまる,つまら
つまる,つまり
つめ,つめ
つもり,つもり
つもる,つもら
つらい,つら
つらい,つらい
つらい,つらかっ
つらい,つらく
つる,つ
つる,つっ
つる,つら
つる,つる
つるむ,つるん
づくり,づくり
づらい,づら
づらい,づらい
づらい,づらかっ
づらい,づらかろ
づらい,づらく
づらい,づらし
て,て
ていう,ていう
てか,てか
てく,てか
てく,てき
てく,てく
てく,てこ
てく,てっ
てっきり,てっきり
てひどい,てひどい
てる,て
てる,てっ
てる,てよ
てる,てら
てる,てり
てる,てりゃ
てる,てる
てる,てれ
てる,てろ
てる,てん
てん,てん
で,で
でかい,でか
でかい,でかい
でかい,でかかっ
でかい,でかく
でき,でき
できる,でき
できる,できよ
できる,できりゃ
できる,できる
できる,できれ
できる,できん
できるだけ,できるだけ
です,でし
です,でしょ
です,です
ですから,ですから
ですが,ですが
でないと,でないと
では,では
でも,でも
でる,で
でる,でる
でんぶ,でんぶ
と,と
とい,とい
という,という
といった,といった
とうとう,とうとう
とおり,とおり
とか,とか
とかいう,とかいう
とかす,とかさ
とかす,とかし
とき,とき
ときどき,ときどき
ときには,ときには
とく,とい
とく,とか
とく,とき
とく,ときゃ
とく,とく
とく,とけ
とく,とこ
とこ,とこ
とことん,とことん
ところ,ところ
ところが,ところが
として,として
とたん,とたん
とっくに,とっくに
とっさ,とっさ
とっても,とっても
とっとと,とっとと
とつ,とつ
とても,とても
とともに,とともに
とどまる,とどまっ
とどまる,とどまら
とどまる,とどまる
となり,となり
とにかく,とにかく
とも,とも
ともかく,ともかく
とやかく,とやかく
とらわれる,とらわれ
とらわれる,とらわれる
とりあえず,とりあえず
とる,と
とる,とっ
とる,とら
とる,とり
とる,とりゃ
とる,とる
とる,とれ
とる,とん
とんでも,とんでも
とんと,とんと
と共に,と共に
ど,ど
どう,どう
どういう,どういう
どういたしまして,どういたしまして
どうか,どうか
どうして,どうして
どうしても,どうしても
どうせ,どうせ
どうぞ,どうぞ
どうにも,どうにも
どうも,どうも
どうやら,どうやら
どおり,どおり
どく,どい
どく,どか
どく,どき
どく,どきゃ
どく,どく
どく,どけ
どく,どこ
どける,どけ
どける,どけよ
どける,どけろ
どこ,どこ
どころ,どころ
どころか,どころか
どちら,どちら
どっか,どっか
どっち,どっち
どの,どの
ども,ども
どる,どっ
どる,どり
どる,どりゃ
どる,どる
どる,どろ
どれ,どれ
どん,どん
どんどん,どんどん
どんな,どんな
どんなに,どんなに
どー,どー
な,な
なぁ,なぁ
なあ,なあ
なあに,なあに
ない,な
ない,ない
ない,なう
ない,なかっ
ない,なから
ない,なかれ
ない,なかろ
ない,なき
ない,なきゃ
ない,なく
ない,なくっ
ない,なけりゃ
ない,なけれ
ない,なし
ない,ねぇ
ない,ねえ
ない,のう
ないがしろ,ないがしろ
ないし,ないし
なお,なお
なおす,なおさ
なおす,なおす
なおす,なおそ
なかなか,なかなか
ながら,ながら
なく,なきゃ
なく,なく
なく,なこ
なくす,なくし
なくす,なくす
なくなる,なくなっ
なくなる,なくなら
なくなる,なくなり
なくなる,なくなる
なくなる,なくなれ
なさる,なさい
なさる,なさっ
なさる,なさら
なさる,なさる
なさる,なされ
なさる,なさん
なぜ,なぜ
なぜなら,なぜなら
なぞなぞ,なぞなぞ
なっちゃん,なっちゃん
なつかしい,なつかし
なつかしい,なつかしい
など,など
なに,なに
なにか,なにか
なので,なので
なのに,なのに
なまけもの,なまけもの
なまける,なまける
なめる,なめ
なめる,なめる
なめる,なめろ
なめる,なめん
ならば,ならば
なり,なり
なり,なる
なり,なれ
なる,な
なる,なっ
なる,なら
なる,なり
なる,なりゃ
なる,なる
なる,なれ
なる,なろ
なる,なん
なるべく,なるべく
なるほど,なるほど
なれる,なれ
なれる,なれよ
なれる,なれる
なれる,なれれ
なれる,なれん
なん,なん
なんか,なんか
なんだか,なんだか
なんて,なんて
なんで,なんで
なんと,なんと
なんとか,なんとか
なんとなく,なんとなく
なんとも,なんとも
なんの,なんの
なー,なー
に,に
にあがる,にあがっ
にあたって,にあたって
にあたり,にあたり
におい,におい
において,において
にかけて,にかけて
にくい,にく
にくい,にくい
にくい,にくかっ
にくい,にくく
について,について
につけ,につけ
につれ,につれ
につれて,につれて
にて,にて
にとって,にとって
にゃ,にゃ
によって,によって
による,による
にわか,にわか
にんじん,にんじん
に対し,に対し
に対して,に対して
に対する,に対する
に関して,に関して
に関する,に関する
ぬ,ざる
ぬ,ず
ぬ,ずん
ぬ,ぬ
ぬ,ね
ぬいぐるみ,ぬいぐるみ
ぬすむ,ぬすま
ぬらす,ぬらし
ぬるい,ぬるい
ぬるい,ぬるく
ぬれる,ぬれ
ね,ね
ねぇ,ねぇ
ねえ,ねえ
ねこ,ねこ
ねじる,ねじっ
ねじる,ねじる
ねる,ね
ねる,ねっ
ねる,ねり
ねる,ねる
ねる,ねん
ねん,ねん
ねッ,ねッ
ねー,ねー
の,の
のす,のさ
のす,のし
のす,のす
のっぺり,のっぺり
ので,ので
のに,のに
のびる,のび
のびる,のびる
のみ,のみ
のめり込む,のめり込み
のめり込む,のめり込ん
のろま,のろま
のんびり,のんびり
は,は
はぁ,はぁ
はあ,はあ
はい,はい
はいる,はいっ
はいる,はいら
はかない,はかな
はかない,はかない
はかない,はかなき
はかない,はかなく
はしゃぐ,はしゃい
はしゃぐ,はしゃぎ
はしゃぐ,はしゃぐ
はしゃぐ,はしゃげ
はじめ,はじめ
はじめまして,はじめまして
はじめる,はじめ
はじめる,はじめる
はず,はず
はちみつ,はちみつ
はっ,はっ
はっきり,はっきり
はつ,はつ
はねる,はね
はねる,はねる
はみだす,はみだし
はやい,はやい
はやい,はやく
はやる,はやっ
はやる,はやり
はやる,はやる
はやる,はやん
はる,はっ
はる,はり
はる,はる
はる,はん
はるか,はるか
はれる,はれる
はーい,はーい
ば,ば
ばあちゃん,ばあちゃん
ばかり,ばかり
ばっか,ばっか
ばっかり,ばっかり
ばっちい,ばっち
ばらす,ばらし
ひき殺す,ひき殺し
ひく,ひい
ひく,ひか
ひく,ひき
ひく,ひく
ひたすら,ひたすら
ひっくり返す,ひっくり返し
ひっくり返す,ひっくり返す
ひっくり返る,ひっくり返っ
ひっくり返る,ひっくり返り
ひっくり返る,ひっくり返る
ひっくるめる,ひっくるめ
ひと,ひと
ひとつ,ひとつ
ひとまず,ひとまず
ひとり,ひとり
ひどい,ひど
ひどい,ひどい
ひどい,ひどかっ
ひどい,ひどく
ひどく,ひどく
ひまわり,ひまわり
ひむ,ひみ
ひむ,ひめ
ひらめく,ひらめい
ひる,ひ
ひる,ひっ
ひる,ひら
ひる,ひる
ひ孫,ひ孫
びしょびしょ,びしょびしょ
びっくり,びっくり
ぴったり,ぴったり
ふう,ふい
ふう,ふう
ふう,ふっ
ふう,ふわ
ふくむ,ふくみ
ふざける,ふざけ
ふざける,ふざける
ふざける,ふざけろ
ふざける,ふざけん
ふてくされる,ふてくされ
ふと,ふと
ふむ,ふむ
ふむ,ふん
ふむふむ,ふむふむ
ふり,ふり
ふる,ふ
ふる,ふっ
ふる,ふら
ふる,ふり
ふる,ふる
ふるさと,ふるさと
ふるまう,ふるまい
ふるまう,ふるまう
ふるまう,ふるまっ
ふれあう,ふれあい
ふん,ふん
ふんわり,ふんわり
ふーん,ふーん
ぶす,ぶし
ぶっ飛ばす,ぶっ飛ばさ
ぶっ飛ばす,ぶっ飛ばし
ぶっ飛ばす,ぶっ飛ばす
ぶつ,ぶた
ぶつ,ぶち
ぶつ,ぶっ
ぶつ,ぶつ
ぶつかる,ぶつかっ
ぶつかる,ぶつかり
ぶつかる,ぶつかる
ぶつける,ぶつけ
ぶつける,ぶつけよ
ぶつける,ぶつけりゃ
ぶつける,ぶつける
ぶつける,ぶつけれ
ぶと,ぶと
ぶら下がる,ぶら下がっ
ぶり,ぶり
ぶる,ぶ
ぶる,ぶっ
ぶる,ぶら
ぶる,ぶり
ぶる,ぶる
ぶん,ぶん
ぶん殴る,ぶん殴っ
ぶん殴る,ぶん殴ら
ぶん殴る,ぶん殴る
へ,へ
へいへい,へいへい
へぇ,へぇ
へこむ,へこみ
へこむ,へこむ
へこむ,へこん
へばる,へばっ
へる,へ
へる,へっ
へる,へり
へる,へる
べ,べ
べし,べから
べし,べき
べし,べく
べし,べし
ぺらぺら,ぺらぺら
ほう,ほう
ほか,ほか
ほかなる,ほかなら
ほこ,ほこ
ほこらしい,ほこらしい
ほしい,ほし
ほしい,ほしい
ほしい,ほしかっ
ほしい,ほしく
ほしい,ほしけりゃ
ほっと,ほっと
ほっとく,ほっとい
ほっとく,ほっとか
ほっとく,ほっとき
ほっとく,ほっときゃ
ほっとく,ほっとく
ほっとく,ほっとけ
ほとんど,ほとんど
ほど,ほど
ほぼ,ほぼ
ほら,ほら
ほる,ほ
ほる,ほっ
ほる,ほれ
ほれる,ほれ
ほんと,ほんと
ほんとに,ほんとに
ほんの,ほんの
ぼく,ぼく
ぼる,ぼれ
ぼんやり,ぼんやり
ぼーっと,ぼーっと
ぽい,ぽ
ぽい,ぽい
ぽい,ぽかっ
ま,ま
まぁ,まぁ
まあ,まあ
まい,まい
まいる,まいっ
まいる,まいり
まいる,まいる
まいる,まいれ
まくる,まく
まくる,まくっ
まくる,まくり
まくる,まくりゃ
まくる,まくる
まくる,まくれ
まくる,まくろ
まさか,まさか
まさに,まさに
まじ,まじ
まじ,まじき
まじめ,まじめ
ます,まさ
ます,まし
ます,ましょ
ます,ます
ます,ますれ
ます,ませ
ます,まそ
ますます,ますます
まず,まず
まずい,まず
まずい,まずい
まずい,まずかっ
まずい,まずく
まずい,まずくっ
まずは,まずは
また,また
または,または
またまた,またまた
まだ,まだ
まだまだ,まだまだ
まっ,まっ
まっすぐ,まっすぐ
まったく,まったく
まで,まで
まとまる,まとまっ
まとまる,まとまら
まとまる,まとまる
まとまる,まとまれ
まとめ,まとめ
まとめる,まとめ
まとめる,まとめる
まとめる,まとめろ
まとも,まとも
まどか,まどか
まぶしい,まぶし
まぶしい,まぶしい
まぶしい,まぶしく
まま,まま
まもなく,まもなく
まゆ,まゆ
まるで,まるで
まるまる,まるまる
まわる,まわっ
まわる,まわり
まわる,まわる
まわる,まわれ
まわれる,まわれ
まんじゅう,まんじゅう
み,み
みき,みき
みじん,みじん
みせる,みせ
みせる,みせよ
みせる,みせる
みせる,みせろ
みそ,みそ
みたい,みたい
みつ,みっ
みつ,みつ
みつける,みつけ
みな,みな
みなさん,みなさん
みまう,みまい
みる,み
みる,みよ
みる,みりゃ
みる,みる
みる,みれ
みる,みろ
みる,みん
みんな,みんな
むしろ,むしろ
むずかしい,むずかしい
め,め
めちゃくちゃ,めちゃくちゃ
めちゃめちゃ,めちゃめちゃ
めっちゃ,めっちゃ
も,も
もう,もう
もうこ,もうこ
もうすぐ,もうすぐ
もう一度,もう一度
もう少し,もう少し
もがく,もがい
もがく,もがき
もがく,もがく
もさ,もさ
もし,もし
もしか,もしか
もしかして,もしかして
もしくは,もしくは
もしも,もしも
もしもし,もしもし
もたらす,もたらさ
もたらす,もたらし
もたらす,もたらす
もち,もち
もちろん,もちろん
もっと,もっと
もっとも,もっとも
もつ,もた
もつ,もち
もつ,もっ
もつ,もつ
もつ,もて
もてなす,もてなし
もてなす,もてなす
もてる,もて
もてる,もてる
もと,もと
もともと,もともと
もとより,もとより
もの,もの
ものすごい,ものすご
ものすごい,ものすごい
ものすごい,ものすごかっ
ものすごい,ものすごく
ものの,ものの
もはや,もはや
もやもや,もやもや
もらう,もらい
もらう,もらう
もらう,もらえ
もらう,もらお
もらう,もらっ
もらう,もらわ
もらえる,もらえ
もらえる,もらえりゃ
もらえる,もらえる
もらえる,もらえれ
もらえる,もらえん
もん,もん
や,や
や,やっ
や,やろ
やあ,やあ
やから,やから
やがて,やがて
やく,やい
やく,やき
やく,やく
やけど,やけど
やけに,やけに
やさしい,やさしい
やさしい,やさしかっ
やさしい,やさしく
やす,やし
やす,やしょ
やす,やす
やす,やせ
やすい,やす
やすい,やすい
やすい,やすかっ
やすい,やすく
やっかい,やっかい
やってくる,やってき
やってくる,やってく
やってくる,やってくる
やってくる,やってくれ
やってくる,やってこ
やって来る,やって来
やって来る,やって来よ
やって来る,やって来る
やっと,やっと
やっぱ,やっぱ
やっぱり,やっぱり
やつ,やつ
やはり,やはり
やめ,やめ
やめる,やめ
やめる,やめよ
やめる,やめりゃ
やめる,やめる
やめる,やめろ
やら,やら
やらす,やらさ
やらす,やらし
やられる,やられる
やりがい,やりがい
やりとり,やりとり
やりなおす,やりなおす
やり取り,やり取り
やり方,やり方
やり直し,やり直し
やり直す,やり直し
やり直す,やり直す
やり直す,やり直そ
やる,や
やる,やっ
やる,やら
やる,やり
やる,やりゃ
やる,やる
やる,やれ
やる,やろ
やる,やん
やる気,やる気
やれる,やれ
やれる,やれよ
やれる,やれる
やわらかい,やわらか
やわらかい,やわらかい
ゆう,ゆい
ゆう,ゆう
ゆう,ゆっ
ゆうべ,ゆうべ
ゆか,ゆか
ゆく,ゆい
ゆく,ゆか
ゆく,ゆき
ゆく,ゆく
ゆく,ゆこ
ゆず,ゆず
ゆっくり,ゆっくり
よ,よ
よい,よ
よい,よい
よい,よぅ
よい,よかっ
よい,よから
よい,よかれ
よい,よかろ
よい,よき
よい,よく
よい,よくっ
よい,よけりゃ
よい,よけれ
よい,よし
よう,よい
よう,よう
よう,よっ
ようこそ,ようこそ
ようやく,ようやく
よく,よく
よけい,よけい
よし,よし
よしっ,よしっ
よせ,よせ
よそえる,よそえ
よっぽど,よっぽど
よね,よね
よほど,よほど
より,より
よる,よっ
よる,よら
よる,より
よる,よりゃ
よる,よる
よる,よれ
よろしい,よろしい
よろしい,よろしかっ
よろしい,よろしく
よろしい,よろしけれ
よろしい,よろしゅう
よろしく,よろしく
よー,よー
よーし,よーし
ら,ら
らい,らい
らしい,らし
らしい,らしい
らしい,らしき
らしい,らしく
らしい,らしくっ
らっしゃる,らっしゃい
らっしゃる,らっしゃっ
らっしゃる,らっしゃる
られる,られ
られる,られりゃ
られる,られる
られる,られれ
られる,られん
らん,らん
り,り
り,る
りえ,りえ
りっぱ,りっぱ
りんご,りんご
る,りゃ
る,る
る,るる
る,れ
る,れよ
る,ん
るり,るり
れる,れ
れる,れよ
れる,れりゃ
れる,れる
れる,れれ
れる,れろ
れる,れん
ろ,ろ
ろくな,ろくな
わ,わ
わぁ,わぁ
わぁー,わぁー
わあ,わあ
わかる,わかっ
わかる,わから
わかる,わかり
わかる,わかる
わかる,わかれ
わかる,わかん
わが,わが
わく,わい
わく,わか
わく,わきゃ
わく,わく
わく,わけ
わけ,わけ
わける,わけ
わさび,わさび
わざと,わざと
わざわざ,わざわざ
わずか,わずか
わたくし,わたくし
わたし,わたし
わっ,わっ
わな,わな
わびしい,わびしい
わり,わり
わりに,わりに
を,を
をめぐって,をめぐって
を通して,を通して
を通じて,を通じて
ん,ん
んじゃ,んじゃ
んで,んで
ァ,ァ
アイスクリーム,アイスクリーム
アイテム,アイテム
アイディア,アイディア
アイヌ,アイヌ
アイロン,アイロン
アインシュタイン,アインシュタイン
アウト,アウト
アウトドア,アウトドア
アカウント,アカウント
アクセス,アクセス
アクセント,アクセント
アジア,アジア
アップ,アップ
アトラクション,アトラクション
アドバイス,アドバイス
アナウンス,アナウンス
アニメ,アニメ
アパート,アパート
アフリカ,アフリカ
アホ,アホ
アムール,アムール
アメリカ,アメリカ
アルコール,アルコール
アルバイト,アルバイト
アルファベット,アルファベット
アレックス,アレックス
アンコール,アンコール
アンテナ,アンテナ
アンド,アンド
アンドリュー,アンドリュー
アンパン,アンパン
アーティスト,アーティスト
イカ,イカ
イギリス,イギリス
イコール,イコール
イスラム教,イスラム教
イチ,イチ
イチゴ,イチゴ
イベント,イベント
イメージ,イメージ
イヤ,イヤ
イラ,イラ
イライラ,イライラ
イラスト,イラスト
インスタント,インスタント
インターネット,インターネット
インドア,インドア
インフルエンザ,インフルエンザ
インプット,インプット
インプレッション,インプレッション
ウェア,ウェア
ウエディング,ウエディング
ウケる,ウケる
ウサギ,ウサギ
ウソ,ウソ
ウチ,ウチ
ウッド,ウッド
エアコン,エアコン
エコ,エコ
エッチ,エッチ
エド,エド
エラー,エラー
エリア,エリア
エレベーター,エレベーター
オクラ,オクラ
オジサン,オジサン
オッサン,オッサン
オフィス,オフィス
オランダ,オランダ
オリンピック,オリンピック
オレ,オレ
オンライン,オンライン
オーストラリア,オーストラリア
オーダー,オーダー
オーディション,オーディション
カウンター,カウンター
カジュアル,カジュアル
カタカナ,カタカナ
カッ,カッ
カッコ,カッコ
カップ,カップ
カップル,カップル
カナダ,カナダ
カニ,カニ
カネ,カネ
カノ,カノ
カビ,カビ
カフェ,カフェ
カメラ,カメラ
カルシウム,カルシウム
カート,カート
カード,カード
ガ,ガ
ガキ,ガキ
ガラス,ガラス
ガンガン,ガンガン
ガードレール,ガードレール
キス,キス
キッチン,キッチン
キツネ,キツネ
キミ,キミ
キム,キム
キモ,キモ
キャスター,キャスター
キャッチボール,キャッチボール
キャラ,キャラ
キャラクター,キャラクター
キャリア,キャリア
キャンセル,キャンセル
キラキラ,キラキラ
キリスト,キリスト
キリスト教,キリスト教
キレイ,キレイ
キロ,キロ
ギザギザ,ギザギザ
ギャップ,ギャップ
ギャンブル,ギャンブル
ギュッ,ギュッ
ギリギリ,ギリギリ
クイズ,クイズ
クイック,クイック
クズ,クズ
クセ,クセ
クソ,クソ
クッキー,クッキー
クラシック,クラシック
クラス,クラス
クラッカー,クラッカー
クラブ,クラブ
クリスマス,クリスマス
クリニック,クリニック
クレジットカード,クレジットカード
クレーン,クレーン
グチ,グチ
グッ,グッ
グッズ,グッズ
グラス,グラス
グループ,グループ
ケア,ケア
ケガ,ケガ
ケジメ,ケジメ
ケンカ,ケンカ
ケーキ,ケーキ
ケース,ケース
ケーブルカー,ケーブルカー
ゲーム,ゲーム
コソコソ,コソコソ
コップ,コップ
コツ,コツ
コミュニケーション,コミュニケーション
コメディ,コメディ
コメント,コメント
コロナ,コロナ
コンサート,コンサート
コンセント,コンセント
コンテクスト,コンテクスト
コンテスト,コンテスト
コンテンツ,コンテンツ
コンビニ,コンビニ
コンビネーション,コンビネーション
コンピューター,コンピューター
コート,コート
コーヒー,コーヒー
コール,コール
ゴキブリ,ゴキブリ
ゴシゴシ,ゴシゴシ
ゴマ,ゴマ
ゴミ,ゴミ
ゴミ箱,ゴミ箱
ゴルフ,ゴルフ
ゴロゴロ,ゴロゴロ
ゴー,ゴー
ゴール,ゴール
ゴールデンウィーク,ゴールデンウィーク
サイズ,サイズ
サイト,サイト
サイレント,サイレント
サイン,サイン
サッカー,サッカー
サツキ,サツキ
サボる,サボ
サボる,サボっ
サボる,サボら
サボる,サボり
サボる,サボる
サポート,サポート
サラリーマン,サラリーマン
サングラス,サングラス
サンシキスミレ,サンシキスミレ
サンフランシスコ,サンフランシスコ
サー,サー
サービス,サービス
シ,シ
シェア,シェア
シェイプ,シェイプ
シカト,シカト
システム,システム
シナモン,シナモン
シビア,シビア
シャツ,シャツ
シャボン,シャボン
シャワー,シャワー
シャンプー,シャンプー
ショック,ショック
ショップ,ショップ
シロ,シロ
シン,シン
シンガーソングライター,シンガーソングライター
シングル,シングル
シンプル,シンプル
シーツ,シーツ
シーン,シーン
ジェスチャー,ジェスチャー
ジェラシー,ジェラシー
ジェントルマン,ジェントルマン
ジム,ジム
ジメジメ,ジメジメ
ジャム,ジャム
ジャンク,ジャンク
ジョン,ジョン
スカウト,スカウト
スカート,スカート
スキンシップ,スキンシップ
スクイズ,スクイズ
スクリーン,スクリーン
スクール,スクール
ススキ,ススキ
スタイル,スタイル
スタッフ,スタッフ
スタンダード,スタンダード
スタンプ,スタンプ
スター,スター
スタート,スタート
スッキリ,スッキリ
ステキ,ステキ
ステップ,ステップ
ステージ,ステージ
ストライク,ストライク
ストライプ,ストライプ
ストレス,ストレス
ストーリー,ストーリー
ストール,ストール
スバル,スバル
スパン,スパン
スピーカー,スピーカー
スピード,スピード
スペイン,スペイン
スペース,スペース
スポット,スポット
スポーツ,スポーツ
スマ,スマ
スマート,スマート
スライド,スライド
スリップ,スリップ
スリー,スリー
スルー,スルー
スーパー,スーパー
スーパースター,スーパースター
スープ,スープ
ズレる,ズレ
ズレる,ズレる
セット,セット
セブン,セブン
セミナー,セミナー
セリフ,セリフ
セルフ,セルフ
センス,センス
センチ,センチ
セント,セント
セーター,セーター
セーフ,セーフ
ゼロ,ゼロ
ソウル,ソウル
ソファー,ソファー
ソフト,ソフト
ソフトクリーム,ソフトクリーム
ソフトボール,ソフトボール
ソロ,ソロ
ソース,ソース
ソート,ソート
ソープ,ソープ
タイツ,タイツ
タイトル,タイトル
タイプ,タイプ
タイマー,タイマー
タイミング,タイミング
タイム,タイム
タオル,タオル
タクシー,タクシー
タダ,タダ
タヌキ,タヌキ
タバコ,タバコ
タメ,タメ
タンス,タンス
タンパク質,タンパク質
ターゲット,ターゲット
ダイエット,ダイエット
ダイソー,ダイソー
ダイヤル,ダイヤル
ダサい,ダサい
ダサい,ダサかっ
ダサい,ダサく
ダメ,ダメ
ダル,ダル
ダントツ,ダントツ
チェック,チェック
チェンジ,チェンジ
チケット,チケット
チコ,チコ
チノ,チノ
チャット,チャット
チャラ,チャラ
チャンス,チャンス
チャンネル,チャンネル
チョコ,チョコ
チーズ,チーズ
チーム,チーム
ツーショット,ツーショット
ツール,ツール
ティッシュ,ティッシュ
テカテカ,テカテカ
テキサス,テキサス
テクノロジー,テクノロジー
テスト,テスト
テック,テック
テル,テル
テレビ,テレビ
テント,テント
テーブル,テーブル
テーマ,テーマ
ディス,ディス
デザイン,デザイン
デジタル,デジタル
デッキ,デッキ
デパート,デパート
デリカシー,デリカシー
デー,デー
データ,データ
デート,デート
トイレ,トイレ
トップ,トップ
トナカイ,トナカイ
トピック,トピック
トマト,トマト
トラ,トラ
トラップ,トラップ
トラブル,トラブル
トラベル,トラベル
トレーナー,トレーナー
トンボ,トンボ
トーク,トーク
ド,ド
ドア,ドア
ドキドキ,ドキドキ
ドライブ,ドライブ
ドラゴン,ドラゴン
ドラマ,ドラマ
ドリル,ドリル
ドレス,ドレス
ナイフ,ナイフ
ナツ,ナツ
ニセ,ニセ
ニヤニヤ,ニヤニヤ
ニュアンス,ニュアンス
ニュース,ニュース
ネイティブ,ネイティブ
ネコ,ネコ
ネズミ,ネズミ
ネタ,ネタ
ネット,ネット
ネバネバ,ネバネバ
ノック,ノック
ノリ,ノリ
ノー,ノー
ノート,ノート
ハイ,ハイ
ハウス,ハウス
ハエたたき,ハエたたき
ハゲ,ハゲ
ハッ,ハッ
ハッキリ,ハッキリ
ハワイ,ハワイ
ハン,ハン
ハンター,ハンター
ハンバーガー,ハンバーガー
バイ,バイ
バイオリン,バイオリン
バイク,バイク
バイト,バイト
バカ,バカ
バカげる,バカげ
バカバカしい,バカバカしい
バカヤロー,バカヤロー
バス,バス
バスケ,バスケ
バスケットボール,バスケットボール
バター,バター
バック,バック
バッグ,バッグ
バッター,バッター
バッチリ,バッチリ
バツ,バツ
バブル,バブル
バランス,バランス
バレる,バレ
バレる,バレる
バレる,バレれ
バレエ,バレエ
バレンタイン,バレンタイン
バンド,バンド
バーコード,バーコード
バーン,バーン
パイロット,パイロット
パスタ,パスタ
パスポート,パスポート
パソコン,パソコン
パターン,パターン
パチ,パチ
パチンコ,パチンコ
パック,パック
パトカー,パトカー
パニック,パニック
パパ,パパ
パワー,パワー
パワーアップ,パワーアップ
パン,パン
パンダ,パンダ
パンツ,パンツ
パーツ,パーツ
パーティー,パーティー
パートナー,パートナー
ヒソヒソ,ヒソヒソ
ヒット,ヒット
ヒトデ,ヒトデ
ヒナ,ヒナ
ヒモ,ヒモ
ヒーロー,ヒーロー
ビクビク,ビクビク
ビジネス,ビジネス
ビックリ,ビックリ
ビッグバン,ビッグバン
ビデオ,ビデオ
ビニール,ビニール
ビビる,ビビ
ビビる,ビビっ
ビビる,ビビら
ビビる,ビビり
ビビる,ビビる
ビーバー,ビーバー
ビール,ビール
ピアノ,ピアノ
ピクニック,ピクニック
ピザ,ピザ
ピッチ,ピッチ
ピッチャー,ピッチャー
ピンチ,ピンチ
ピーク,ピーク
ファイア,ファイア
ファイト,ファイト
ファイル,ファイル
ファッション,ファッション
ファン,ファン
ファー,ファー
フィリピン,フィリピン
フェリー,フェリー
フォン,フォン
フォーマル,フォーマル
フッ,フッ
フラ,フラ
フラン,フラン
フランス語,フランス語
フリ,フリ
フリー,フリー
フレーム,フレーム
フード,フード
ブス,ブス
ブック,ブック
ブドウ,ブドウ
ブラシ,ブラシ
ブラジル,ブラジル
ブラック,ブラック
ブラブラ,ブラブラ
ブランコ,ブランコ
ブランド,ブランド
ブロック,ブロック
プライバシー,プライバシー
プライベート,プライベート
プリン,プリン
プレ,プレ
プレイヤー,プレイヤー
プレゼン,プレゼン
プレゼント,プレゼント
プレーヤー,プレーヤー
プロ,プロ
プロジェクト,プロジェクト
プロセス,プロセス
プロフィール,プロフィール
プンプン,プンプン
プール,プール
ヘアスタイル,ヘアスタイル
ベスト,ベスト
ベッド,ベッド
ベビー,ベビー
ベン,ベン
ベンチ,ベンチ
ペット,ペット
ペットボトル,ペットボトル
ペン,ペン
ペンギン,ペンギン
ページ,ページ
ペース,ペース
ホ,ホ
ホット,ホット
ホテル,ホテル
ホノルル,ホノルル
ホレる,ホレ
ホワイト,ホワイト
ホン,ホン
ホント,ホント
ホーム,ホーム
ホームラン,ホームラン
ボウリング,ボウリング
ボク,ボク
ボケ,ボケ
ボディー,ボディー
ボヤ,ボヤ
ボロボロ,ボロボロ
ボー,ボー
ボーッ,ボーッ
ボール,ボール
ポイント,ポイント
ポジション,ポジション
ポジティブ,ポジティブ
ポスター,ポスター
ポテト,ポテト
ポテトチップス,ポテトチップス
ポルトガル,ポルトガル
ポート,ポート
ポーランド,ポーランド
マイク,マイク
マイクロソフト,マイクロソフト
マインド,マインド
マザー,マザー
マシュマロ,マシュマロ
マシン,マシン
マジ,マジ
マスク,マスク
マスター,マスター
マッチング,マッチング
マナー,マナー
マニュアル,マニュアル
ママ,ママ
マメ,マメ
マヨネーズ,マヨネーズ
マリオ,マリオ
マルチ,マルチ
マレーシア,マレーシア
マン,マン
マンション,マンション
マーク,マーク
マーチ,マーチ
ミサキ,ミサキ
ミスター,ミスター
ミナミ,ミナミ
ミリ,ミリ
ムダ,ムダ
ムラムラ,ムラムラ
ムード,ムード
メイン,メイン
メガネ,メガネ
メッセージ,メッセージ
メディア,メディア
メニュー,メニュー
メリット,メリット
メンバー,メンバー
メートル,メートル
メール,メール
モカ,モカ
モデル,モデル
モノ,モノ
モヤ,モヤ
モヤモヤ,モヤモヤ
ヤクザ,ヤクザ
ユーザー,ユーザー
ヨシノ,ヨシノ
ヨリ,ヨリ
ヨーロッパ,ヨーロッパ
ライオン,ライオン
ライト,ライト
ライナー,ライナー
ライバル,ライバル
ライブ,ライブ
ラジオ,ラジオ
ラテン,ラテン
ラマ,ラマ
ランキング,ランキング
ランチ,ランチ
ランナー,ランナー
ラーメン,ラーメン
リア,リア
リクエスト,リクエスト
リサイタル,リサイタル
リサーチ,リサーチ
リスク,リスク
リスト,リスト
リスニング,リスニング
リタイア,リタイア
リーダーシップ,リーダーシップ
リード,リード
リーフ,リーフ
ルール,ルール
レインボー,レインボー
レコード,レコード
レストラン,レストラン
レッスン,レッスン
レディ,レディ
レトルト,レトルト
レベル,レベル
レポート,レポート
レモン,レモン
レンズ,レンズ
レンタル,レンタル
レート,レート
ロ,ロ
ロサンゼルス,ロサンゼルス
ロッカー,ロッカー
ロンドン,ロンドン
ロー,ロー
ロード,ロード
ロープ,ロープ
ワクチン,ワクチン
ワクワク,ワクワク
ワタ,ワタ
ワン,ワン
ワンピース,ワンピース
ワールドカップ,ワールドカップ
ヴァイオリン,ヴァイオリン
ヶ月,ヶ月
一,一
一つ,一つ
一ノ瀬,一ノ瀬
一人ひとり,一人ひとり
一人暮らし,一人暮らし
一体,一体
一円,一円
一切,一切
一口,一口
一周,一周
一塁,一塁
一変,一変
一度,一度
一応,一応
一方,一方
一旦,一旦
一昨年,一昨年
一時,一時
一時期,一時期
一杯,一杯
一段落,一段落
一気に,一気に
一泊,一泊
一流,一流
一環,一環
一生,一生
一生懸命,一生懸命
一番,一番
一目,一目
一瞬,一瞬
一緒,一緒
一線,一線
一般,一般
一般人,一般人
一見,一見
一言,一言
一部,一部
一部分,一部分
一髪,一髪
丁寧,丁寧
七,七
七夕,七夕
万,万
万が一,万が一
万年床,万年床
万物,万物
丈夫,丈夫
三,三
三つ,三つ
三俣,三俣
三塁,三塁
三日月,三日月
三田,三田
上,上
上がり,上がり
上がる,上がっ
上がる,上がら
上がる,上がり
上がる,上がりゃ
上がる,上がる
上がる,上がれ
上がる,上がろ
上がる,上がん
上げる,上げ
上げる,上げよ
上げる,上げりゃ
上げる,上げる
上げる,上げれ
上げる,上げろ
上り,上り
上下,上下
上京,上京
上原,上原
上司,上司
上士,上士
上手,上手
上手い,上手い
上手い,上手かっ
上手い,上手く
上旬,上旬
上昇,上昇
上着,上着
上級,上級
上級生,上級生
上達,上達
上陸,上陸
下,下
下がる,下がっ
下がる,下がら
下がる,下がり
下がる,下がりゃ
下がる,下がる
下がる,下がれ
下がる,下がん
下げる,下げ
下げる,下げよ
下げる,下げる
下げる,下げれ
下げる,下げん
下さる,下さい
下さる,下さる
下す,下さ
下す,下し
下す,下す
下す,下そ
下りる,下り
下りる,下りる
下りる,下りれ
下ろす,下ろさ
下ろす,下ろし
下ろす,下ろす
下ろす,下ろせ
下ろす,下ろそ
下品,下品
下手,下手
下手くそ,下手くそ
下敷き,下敷き
下旬,下旬
下着,下着
下降,下降
不,不
不便,不便
不倫,不倫
不利,不利
不動産,不動産
不可欠,不可欠
不可能,不可能
不器用,不器用
不安,不安
不安定,不安定
不審,不審
不平,不平
不幸,不幸
不幸せ,不幸せ
不快,不快
不思議,不思議
不憫,不憫
不明,不明
不服,不服
不機嫌,不機嫌
不満,不満
不能,不能
不自然,不自然
不良,不良
不要,不要
不誠実,不誠実
不足,不足
不遜,不遜
不適切,不適切
与える,与え
与える,与えよ
与える,与える
与える,与えれ
世の中,世の中
世代,世代
世帯,世帯
世界,世界
世界中,世界中
世紀,世紀
世話,世話
世辞,世辞
世間,世間
両,両
両方,両方
両親,両親
並び,並び
並ぶ,並ぶ
並ぶ,並べ
並ぶ,並ん
並べる,並べ
並べる,並べる
並べる,並べろ
並外れる,並外れ
中,中
中でも,中でも
中国,中国
中国人,中国人
中国語,中国語
中央,中央
中学,中学
中学生,中学生
中心,中心
中断,中断
中旬,中旬
中本,中本
中村,中村
中止,中止
中町,中町
中盤,中盤
中秋,中秋
中級,中級
中継,中継
中身,中身
中途半端,中途半端
中長期,中長期
中高,中高
丸,丸
丸い,丸
丸い,丸い
丸い,丸く
丸腰,丸腰
主人公,主人公
主婦,主婦
主張,主張
主義,主義
久々,久々
久しぶり,久しぶり
久美子,久美子
之,之
乗せる,乗せ
乗せる,乗せる
乗せる,乗せれ
乗せる,乗せろ
乗っかる,乗っかっ
乗っかる,乗っかる
乗り場,乗り場
乗り越える,乗り越え
乗り越える,乗り越える
乗り込む,乗り込み
乗り込む,乗り込む
乗り込む,乗り込め
乗り込む,乗り込ん
乗り遅れる,乗り遅れ
乗り遅れる,乗り遅れれ
乗る,乗っ
乗る,乗ら
乗る,乗り
乗る,乗る
乗る,乗れ
乗る,乗ろ
乗る,乗ん
乗車,乗車
九,九
九州,九州
乱す,乱さ
乱す,乱し
乱す,乱す
乱れる,乱れ
乱暴,乱暴
乾く,乾い
乾く,乾か
乾く,乾く
乾杯,乾杯
乾燥,乾燥
了承,了承
了解,了解
予報,予報
予定,予定
予想,予想
予感,予感
予約,予約
予言,予言
争い,争い
事,事
事件,事件
事務,事務
事務所,事務所
事実,事実
事情,事情
事態,事態
事故,事故
事象,事象
二,二
二つ,二つ
二の足,二の足
二度と,二度と
互いに,互いに
五,五
五感,五感
井上,井上
些細,些細
亡くす,亡くさ
亡くす,亡くし
亡くなる,亡くなっ
亡くなる,亡くなり
亡くなる,亡くなる
交わす,交わさ
交わす,交わし
交わす,交わす
交わす,交わせ
交代,交代
交換,交換
交易,交易
交流,交流
交渉,交渉
交通,交通
交際,交際
京都,京都
亭主,亭主
人,人
人々,人々
人一倍,人一倍
人人,人人
人体,人体
人前,人前
人口,人口
人形,人形
人手,人手
人数,人数
人材,人材
人格,人格
人殺し,人殺し
人気,人気
人混み,人混み
人物,人物
人生,人生
人目,人目
人見知り,人見知り
人達,人達
人違い,人違い
人間,人間
人類,人類
仁科,仁科
今,今
今さら,今さら
今に,今に
今にも,今にも
今回,今回
今夏,今夏
今夜,今夜
今年,今年
今度,今度
今後,今後
今日,今日
今更,今更
今朝,今朝
今週,今週
今頃,今頃
介す,介し
介護,介護
仏教,仏教
仕える,仕え
仕える,仕える
仕上がる,仕上がっ
仕上がる,仕上がり
仕上げる,仕上げ
仕上げる,仕上げる
仕上げる,仕上げろ
仕事,仕事
仕入れ,仕入れ
仕向ける,仕向け
仕向ける,仕向ける
仕掛け,仕掛け
仕掛ける,仕掛け
仕掛ける,仕掛ける
仕掛ける,仕掛けれ
仕方,仕方
仕業,仕業
仕組み,仕組み
仕返し,仕返し
他,他
他人,他人
他社,他社
付き,付き
付き合い,付き合い
付き合う,付き合い
付き合う,付き合う
付き合う,付き合え
付き合う,付き合お
付き合う,付き合っ
付き合う,付き合わ
付き合える,付き合え
付き合える,付き合える
付き物,付き物
付く,付い
付く,付か
付く,付き
付く,付く
付く,付け
付け,付け
付ける,付け
付ける,付けよ
付ける,付けりゃ
付ける,付ける
付ける,付けれ
付ける,付けろ
付け加える,付け加え
付け加える,付け加える
付近,付近
代,代
代わり,代わり
代わる,代わっ
代わる,代わら
代わる,代わり
代わる,代わる
代わる,代われ
代理人,代理人
代表,代表
令,令
以上,以上
以下,以下
以内,以内
以前,以前
以外,以外
以来,以来
仮に,仮に
仮定,仮定
仮説,仮説
仲,仲
仲よく,仲よく
仲直り,仲直り
仲良い,仲良
仲良い,仲良い
仲良い,仲良く
仲良い,仲良くっ
仲良い,仲良し
仲良く,仲良く
仲良し,仲良し
仲間,仲間
仲間はずれ,仲間はずれ
件,件
任せる,任せ
任せる,任せりゃ
任せる,任せる
任せる,任せれ
任せる,任せろ
任務,任務
企業,企業
企画,企画
伊吹,伊吹
伊織,伊織
伏せる,伏せ
伏せる,伏せる
伏せる,伏せろ
休み,休み
休む,休ま
休む,休み
休む,休む
休む,休め
休む,休も
休む,休ん
休憩,休憩
休日,休日
会,会
会う,会い
会う,会う
会う,会え
会う,会お
会う,会っ
会う,会わ
会える,会え
会える,会えりゃ
会える,会える
会員,会員
会場,会場
会社,会社
会話,会話
会議,会議
会釈,会釈
会長,会長
伝える,伝え
伝える,伝えよ
伝える,伝える
伝える,伝えろ
伝わる,伝わっ
伝わる,伝わら
伝わる,伝わり
伝わる,伝わる
伝わる,伝わん
伝言,伝言
伝説,伝説
伴う,伴い
伴う,伴う
伴う,伴っ
伴う,伴わ
伸ばす,伸ばし
伸ばす,伸ばす
伸ばす,伸ばせ
伸ばす,伸ばそ
伸びる,伸び
伸びる,伸びる
伺い,伺い
伺う,伺い
伺う,伺う
伺う,伺お
伺う,伺っ
似る,似
似る,似る
似合,似合
似合う,似合い
似合う,似合う
似合う,似合っ
似合う,似合わ
位,位
位置,位置
低い,低
低い,低い
低い,低かっ
低い,低く
住まい,住まい
住む,住ま
住む,住み
住む,住む
住む,住め
住む,住も
住む,住ん
住める,住め
住める,住める
住人,住人
住所,住所
住民,住民
佐奈,佐奈
佐藤,佐藤
体,体
体力,体力
体育,体育
体裁,体裁
体調,体調
体質,体質
体重,体重
体験,体験
何,何
何だ,何だ
何だか,何だか
何で,何で
何と,何と
何とか,何とか
何となく,何となく
何もかも,何もかも
何処,何処
何様,何様
何者,何者
余る,余っ
余る,余り
余る,余る
余裕,余裕
作,作
作り,作り
作り上げる,作り上げ
作り上げる,作り上げよ
作り上げる,作り上げる
作り方,作り方
作る,作っ
作る,作ら
作る,作り
作る,作る
作る,作れ
作る,作ろ
作る,作ん
作れる,作れ
作れる,作れよ
作れる,作れる
作れる,作れん
作品,作品
作家,作家
作戦,作戦
作業,作業
作者,作者
使い方,使い方
使う,使い
使う,使う
使う,使え
使う,使お
使う,使っ
使う,使わ
使える,使え
使える,使える
使える,使えれ
使える,使えん
使用,使用
例,例
例えば,例えば
例える,例え
例える,例えよ
例える,例える
例える,例えろ
侍,侍
供養,供養
依存,依存
依頼,依頼
価値,価値
侵入,侵入
便,便
便利,便利
俊,俊
保つ,保た
保つ,保ち
保つ,保っ
保つ,保つ
保つ,保て
保てる,保て
保てる,保てる
保管,保管
保育,保育
保育園,保育園
保証,保証
保護,保護
信じる,信じ
信じる,信じよ
信じる,信じる
信じる,信じろ
信念,信念
信用,信用
信頼,信頼
修業,修業
修理,修理
修行,修行
俺,俺
倉,倉
倉庫,倉庫
個,個
個人,個人
倍,倍
倒す,倒さ
倒す,倒し
倒す,倒しゃ
倒す,倒す
倒す,倒せ
倒す,倒そ
倒せる,倒せ
倒せる,倒せる
倒せる,倒せれ
倒れる,倒れ
倒れる,倒れる
倒産,倒産
借りる,借り
借りる,借りよ
借りる,借りる
借りる,借りれ
借金,借金
値,値
値段,値段
偉い,偉
偉い,偉い
偉い,偉く
偉大,偉大
偏見,偏見
停学,停学
停止,停止
停滞,停滞
停車,停車
健全,健全
健在,健在
健康,健康
側,側
偶然,偶然
偽善,偽善
偽物,偽物
偽装,偽装
傍,傍
傑作,傑作
傘,傘
備え,備え
備える,備え
傷,傷
傷つく,傷つい
傷つく,傷つか
傷つく,傷つき
傷つく,傷つく
傷つける,傷つけ
傷つける,傷つける
傷つける,傷つけれ
傷つける,傷つけん
傾向,傾向
働かせる,働かせ
働かせる,働かせる
働かせる,働かせれ
働き,働き
働く,働い
働く,働か
働く,働き
働く,働く
働く,働け
働く,働こ
働ける,働け
働ける,働けよ
働ける,働ける
像,像
僕,僕
僕ら,僕ら
僕達,僕達
億,億
優しい,優し
優しい,優しい
優しい,優しかっ
優しい,優しき
優しい,優しく
優しい,優しくっ
優れる,優れ
優先,優先
優子,優子
優秀,優秀
儲かる,儲かる
儲かる,儲かん
元,元
元々,元々
元号,元号
元旦,元旦
元気,元気
兄,兄
兄さん,兄さん
兄ちゃん,兄ちゃん
兄妹,兄妹
兄弟,兄弟
兄貴,兄貴
充,充
充実,充実
充電,充電
先,先
先ほど,先ほど
先代,先代
先天,先天
先方,先方
先日,先日
先生,先生
先程,先程
先立つ,先立た
先立つ,先立ち
先立つ,先立っ
先立つ,先立つ
先輩,先輩
先週,先週
光,光
光る,光っ
光る,光り
光る,光る
光景,光景
光栄,光栄
免疫,免疫
免許,免許
入り,入り
入り口,入り口
入り組む,入り組ん
入り込む,入り込み
入り込む,入り込む
入り込む,入り込め
入り込む,入り込ん
入る,入っ
入る,入ら
入る,入り
入る,入る
入る,入れ
入る,入ろ
入る,入ん
入れる,入れ
入れる,入れよ
入れる,入れりゃ
入れる,入れる
入れる,入れれ
入れる,入れろ
入れる,入れん
入ろう,入ろう
入会,入会
入力,入力
入団,入団
入国,入国
入学,入学
入室,入室
入金,入金
入院,入院
全,全
全く,全く
全て,全て
全体,全体
全力,全力
全品,全品
全員,全員
全国,全国
全滅,全滅
全然,全然
全身,全身
全部,全部
八,八
八方美人,八方美人
公務員,公務員
公園,公園
公子,公子
公式,公式
公用,公用
公表,公表
公開,公開
共に,共に
共同,共同
共感,共感
共有,共有
共通,共通
兵,兵
兵器,兵器
兵士,兵士
具体,具体
具合,具合
兼,兼
内,内
内側,内側
内容,内容
内緒,内緒
内部,内部
円,円
円満,円満
再び,再び
再会,再会
再婚,再婚
再建,再建
再来年,再来年
再開,再開
冒険,冒険
冗談,冗談
写真,写真
冬,冬
冬休み,冬休み
冷える,冷え
冷える,冷える
冷たい,冷た
冷たい,冷たい
冷たい,冷たかっ
冷たい,冷たく
冷やす,冷やさ
冷やす,冷やし
冷やす,冷やす
冷やす,冷やせ
冷蔵庫,冷蔵庫
冷静,冷静
凄い,凄い
凡退,凡退
処女,処女
処理,処理
出かける,出かけ
出かける,出かけよ
出かける,出かける
出し,出し
出す,出さ
出す,出し
出す,出す
出す,出せ
出す,出そ
出せる,出せ
出せる,出せよ
出せる,出せる
出だし,出だし
出る,出
出る,出よ
出る,出る
出る,出れ
出る,出ん
出世,出世
出会い,出会い
出会う,出会い
出会う,出会う
出会う,出会え
出会う,出会っ
出会う,出会わ
出勤,出勤
出店,出店
出張,出張
出掛ける,出掛け
出掛ける,出掛けよ
出掛ける,出掛ける
出来る,出来
出来る,出来よ
出来る,出来りゃ
出来る,出来る
出来る,出来ん
出来上がる,出来上がっ
出来上がる,出来上がり
出来上がる,出来上がる
出来上がる,出来上がれ
出来事,出来事
出港,出港
出版,出版
出生,出生
出産,出産
出発,出発
出費,出費
出身,出身
刃,刃
分,分
分かる,分か
分かる,分かっ
分かる,分から
分かる,分かり
分かる,分かりゃ
分かる,分かる
分かる,分かれ
分かる,分かん
分かれる,分かれ
分かれる,分かれよ
分かれる,分かれる
分かれる,分かれろ
分ける,分け
分ける,分ける
分け目,分け目
分の,分の
分与,分与
分厚い,分厚い
分厚い,分厚く
分秒,分秒
分解,分解
分野,分野
分間,分間
分類,分類
切ない,切な
切ない,切ない
切ない,切なかっ
切ない,切なく
切り上げる,切り上げ
切り捨てる,切り捨て
切り捨てる,切り捨てる
切り替え,切り替え
切り替える,切り替え
切り替える,切り替える
切る,切っ
切る,切ら
切る,切り
切る,切る
切る,切れ
切る,切ろ
切れる,切れ
切れる,切れる
切れる,切れれ
切れる,切れん
切符,切符
刑事,刑事
列,列
列車,列車
初,初
初め,初め
初めて,初めて
初対面,初対面
初心者,初心者
初恋,初恋
初日の出,初日の出
初級,初級
初詣,初詣
判断,判断
別,別
別々,別々
別に,別に
別れ,別れ
別れる,別れ
別れる,別れよ
別れる,別れる
別れる,別れれ
別れ話,別れ話
別荘,別荘
利く,利い
利く,利か
利く,利き
利く,利く
利他,利他
利便,利便
利己,利己
利用,利用
到着,到着
制,制
制度,制度
制服,制服
制約,制約
制限,制限
刷る,刷っ
刷る,刷る
刷れる,刷れ
刷れる,刷れる
券,券
刺さる,刺さっ
刺さる,刺さら
刺さる,刺さり
刺さる,刺さる
刺す,刺さ
刺す,刺し
刺す,刺す
刺す,刺せ
刺す,刺そ
刺激,刺激
剃る,剃っ
剃る,剃り
剃る,剃る
削る,削っ
削る,削ら
削る,削り
削る,削る
削る,削れ
削る,削ろ
削る,削ん
削除,削除
前,前
前代未聞,前代未聞
前半,前半
前回,前回
前後,前後
前提,前提
前日,前日
前者,前者
前言,前言
前進,前進
前金,前金
前髪,前髪
剣,剣
剤,剤
剥ぐ,剥い
剥ぐ,剥ぐ
副,副
副作用,副作用
副業,副業
割,割
割り切る,割り切っ
割り切る,割り切れ
割り切れる,割り切れ
割り勘,割り勘
割る,割っ
割る,割ら
割る,割り
割る,割る
割る,割れ
割れる,割れ
割れる,割れる
割勘,割勘
創業,創業
創造,創造
劇場,劇場
力,力
力いっぱい,力いっぱい
力強い,力強
力強い,力強い
力強い,力強く
功,功
加,加
加える,加え
加える,加えりゃ
加える,加える
加える,加えれ
加える,加えん
加害,加害
加減,加減
加藤,加藤
助かる,助かっ
助かる,助から
助かる,助かり
助かる,助かる
助かる,助かろ
助け,助け
助ける,助け
助ける,助けよ
助ける,助ける
助ける,助けろ
助け出す,助け出さ
助け出す,助け出し
助け出す,助け出す
助け合う,助け合う
助手,助手
助言,助言
努める,努め
努める,努めよ
努める,努める
努力,努力
励ます,励まさ
励ます,励まし
励ます,励ます
励む,励み
励む,励む
励む,励め
励む,励ん
効く,効い
効く,効か
効く,効き
効く,効く
効果,効果
効率,効率
勇敢,勇敢
勇気,勇気
勉強,勉強
動かす,動かさ
動かす,動かし
動かす,動かす
動かす,動かせ
動かす,動かそ
動き,動き
動き出す,動き出し
動き出す,動き出す
動き出す,動き出せ
動く,動い
動く,動か
動く,動き
動く,動きゃ
動く,動く
動く,動け
動く,動こ
動ける,動け
動ける,動けよ
動ける,動ける
動ける,動けん
動作,動作
動揺,動揺
動物,動物
動画,動画
動詞,動詞
勘弁,勘弁
勘違い,勘違い
勝ち,勝ち
勝つ,勝た
勝つ,勝ち
勝つ,勝っ
勝つ,勝つ
勝つ,勝て
勝つ,勝と
勝てる,勝て
勝てる,勝てりゃ
勝てる,勝てる
勝てる,勝てれ
勝てる,勝てん
勝る,勝っ
勝る,勝る
勝る,勝れ
勝利,勝利
勝手,勝手
勝負,勝負
募金,募金
募集,募集
勢い,勢い
勢力,勢力
勤める,勤め
勤める,勤める
勤務,勤務
勧める,勧め
勧める,勧める
匂い,匂い
包み込む,包み込み
包み込む,包み込む
包み込む,包み込ん
包む,包ま
包む,包み
包む,包む
包む,包め
包む,包ん
化,化
化ける,化け
化ける,化ける
北半球,北半球
北海道,北海道
匹,匹
区切る,区切っ
区切る,区切る
医療,医療
医者,医者
十,十
十分,十分
千,千
千葉,千葉
午後,午後
半,半
半ば,半ば
半分,半分
半年,半年
半袖,半袖
卒業,卒業
協力,協力
南,南
単なる,単なる
単に,単に
単位,単位
単刀直入,単刀直入
単純,単純
単語,単語
博士,博士
博多,博多
印刷,印刷
印象,印象
危ない,危な
危ない,危ない
危ない,危なかっ
危ない,危なく
危害,危害
危機,危機
危篤,危篤
危険,危険
即日,即日
卵,卵
厄介,厄介
原因,原因
原爆,原爆
原稿,原稿
厳しい,厳し
厳しい,厳しい
厳しい,厳しく
厳密,厳密
去年,去年
参加,参加
参戦,参戦
参考,参考
及ぶ,及ば
及ぶ,及び
及ぶ,及ぶ
及ぶ,及ぼ
及ぶ,及ん
友人,友人
友情,友情
友達,友達
双方,双方
反す,反し
反する,反する
反対,反対
反射,反射
反応,反応
反抗,反抗
反省,反省
反面,反面
収まる,収まっ
収まる,収まら
収まる,収まり
収まる,収まる
収まる,収まれ
収める,収める
収入,収入
収穫,収穫
収集,収集
取り,取り
取りえ,取りえ
取りはからう,取りはからっ
取り上げる,取り上げ
取り上げる,取り上げる
取り上げる,取り上げれ
取り上げる,取り上げろ
取り乱す,取り乱し
取り乱す,取り乱す
取り入れる,取り入れ
取り入れる,取り入れる
取り分,取り分
取り壊し,取り壊し
取り巻き,取り巻き
取り引き,取り引き
取り戻す,取り戻さ
取り戻す,取り戻し
取り戻す,取り戻す
取り戻す,取り戻せ
取り戻す,取り戻そ
取り戻せる,取り戻せ
取り戻せる,取り戻せる
取り扱う,取り扱い
取り扱う,取り扱う
取り扱う,取り扱っ
取り掛かる,取り掛かっ
取り掛かる,取り掛かり
取り掛かる,取り掛かる
取り柄,取り柄
取り残す,取り残さ
取り消す,取り消さ
取り消す,取り消し
取り消す,取り消す
取り消す,取り消せ
取り留める,取り留め
取り留める,取り留める
取り組む,取り組み
取り組む,取り組む
取り組む,取り組ん
取り返す,取り返し
取り返す,取り返す
取り逃がす,取り逃がし
取り逃がす,取り逃がす
取る,取っ
取る,取ら
取る,取り
取る,取る
取る,取れ
取る,取ろ
取る,取ん
取れる,取れ
取れる,取れよ
取れる,取れりゃ
取れる,取れる
取れる,取れれ
取引,取引
取得,取得
取材,取材
受かる,受かっ
受かる,受かり
受かる,受かる
受かる,受かれ
受け,受け
受ける,受け
受ける,受けよ
受ける,受ける
受ける,受けれ
受ける,受けろ
受ける,受けん
受け付ける,受け付け
受け入れ,受け入れ
受け入れる,受け入れ
受け入れる,受け入れる
受け入れる,受け入れれ
受け取る,受け取っ
受け取る,受け取ら
受け取る,受け取り
受け取る,受け取る
受け取る,受け取れ
受け取る,受け取ろ
受け止める,受け止め
受け止める,受け止める
受付,受付
受験,受験
受験生,受験生
口,口
口ぶり,口ぶり
口八丁,口八丁
口直し,口直し
口調,口調
古い,古い
古い,古き
古い,古く
古代,古代
古本,古本
古河,古河
句,句
叩く,叩い
叩く,叩か
叩く,叩き
叩く,叩く
叩く,叩こ
叫び声,叫び声
叫ぶ,叫ば
叫ぶ,叫び
叫ぶ,叫ぶ
叫ぶ,叫ん
召し上がる,召し上がっ
召し上がる,召し上がり
召し上がる,召し上がる
召し上がる,召し上がれ
可哀想,可哀想
可愛い,可愛
可愛い,可愛い
可愛い,可愛かっ
可愛い,可愛かろ
可愛い,可愛く
可愛がる,可愛がっ
可笑しい,可笑しく
可能,可能
台,台
台北,台北
台本,台本
台無し,台無し
台風,台風
叱る,叱っ
叱る,叱ら
叱る,叱り
叱る,叱る
右,右
右手,右手
右目,右目
右腕,右腕
叶う,叶い
叶う,叶う
叶う,叶っ
叶う,叶わ
号,号
号泣,号泣
号車,号車
各,各
各自,各自
合,合
合う,合い
合う,合う
合う,合え
合う,合お
合う,合っ
合う,合わ
合える,合える
合わせる,合わせ
合わせる,合わせよ
合わせる,合わせりゃ
合わせる,合わせる
合わせる,合わせれ
合わせる,合わせろ
合唱,合唱
合図,合図
合格,合格
合流,合流
合理,合理
吉崎,吉崎
同,同
同い年,同い年
同じ,同じ
同じく,同じく
同僚,同僚
同士,同士
同性,同性
同情,同情
同意,同意
同時に,同時に
同棲,同棲
同様,同様
同級生,同級生
同胞,同胞
同類,同類
名,名
名乗る,名乗っ
名乗る,名乗ら
名乗る,名乗り
名乗る,名乗る
名乗る,名乗れ
名乗る,名乗ろ
名倉,名倉
名前,名前
名所,名所
名月,名月
名物,名物
名詞,名詞
吐き出す,吐き出さ
吐き出す,吐き出し
吐き出す,吐き出す
吐く,吐い
吐く,吐か
吐く,吐き
吐く,吐く
吐く,吐け
向う,向い
向う,向っ
向かい,向かい
向き,向き
向き合う,向き合い
向き合う,向き合う
向き合う,向き合え
向き合う,向き合っ
向く,向い
向く,向か
向く,向き
向く,向く
向け,向け
向ける,向け
向ける,向ける
向ける,向けれ
向こう,向こう
向上,向上
向井,向井
君,君
君たち,君たち
否定,否定
含める,含め
含める,含めりゃ
含める,含める
吸う,吸い
吸う,吸う
吸う,吸え
吸う,吸お
吸う,吸っ
吸う,吸わ
吹き替え,吹き替え
吹き飛ばす,吹き飛ばさ
吹き飛ばす,吹き飛ばし
吹き飛ばす,吹き飛ばす
吹く,吹い
吹く,吹か
吹く,吹き
吹く,吹く
吹く,吹け
吹っ切れる,吹っ切れ
告げる,告げ
告げる,告げる
告げる,告げれ
告白,告白
周り,周り
周囲,周囲
呪文,呪文
味,味
味わう,味わい
味わう,味わう
味わう,味わお
味わう,味わっ
味わう,味わわ
味付け,味付け
味噌汁,味噌汁
味方,味方
味見,味見
呼びかける,呼びかけ
呼びかける,呼びかける
呼びつける,呼びつけ
呼びつける,呼びつける
呼び出す,呼び出さ
呼び出す,呼び出し
呼び出す,呼び出す
呼ぶ,呼ば
呼ぶ,呼び
呼ぶ,呼ぶ
呼ぶ,呼べ
呼ぶ,呼ぼ
呼ぶ,呼ん
呼吸,呼吸
命,命
命じる,命じ
命じる,命じる
命令,命令
和,和
和尚,和尚
咲く,咲い
咲く,咲か
咲く,咲き
咲く,咲く
哀れ,哀れ
哀れみ,哀れみ
品目,品目
品質,品質
員,員
哲学,哲学
唇,唇
唯一,唯一
商人,商人
商品,商品
商売,商売
商店,商店
問,問
問い合わせる,問い合わせ
問う,問い
問う,問う
問う,問お
問う,問わ
問題,問題
喉,喉
喋る,喋っ
喋る,喋ら
喋る,喋り
喋る,喋る
喋る,喋れ
喋れる,喋れ
喜び,喜び
喜ぶ,喜ば
喜ぶ,喜び
喜ぶ,喜ぶ
喜ぶ,喜べ
喜ぶ,喜ん
喧嘩,喧嘩
喫茶店,喫茶店
営み,営み
営業,営業
嘔吐,嘔吐
嘘,嘘
噂,噂
器用,器用
噴水,噴水
四,四
回,回
回す,回さ
回す,回し
回す,回しゃ
回す,回す
回す,回そ
回せる,回せ
回せる,回せる
回る,回
回る,回っ
回る,回ら
回る,回り
回る,回る
回る,回れ
回る,回ろ
回る,回ん
回れる,回れ
回れる,回れる
回れる,回れん
回復,回復
回答,回答
回路,回路
因果,因果
団体,団体
団塊,団塊
団子,団子
困る,困っ
困る,困ら
困る,困り
困る,困る
困る,困ん
困難,困難
囲む,囲ま
囲む,囲み
囲む,囲む
囲む,囲ん
図々しい,図々しい
固い,固
固い,固い
固い,固く
固める,固め
固める,固めりゃ
固める,固める
固める,固めろ
固定,固定
国,国
国人,国人
国会,国会
国内,国内
国家,国家
国民,国民
国語,国語
国際,国際
圏,圏
園,園
土,土
土下座,土下座
土地,土地
土壇場,土壇場
土曜日,土曜日
土産,土産
圧倒,圧倒
圧倒的,圧倒的
圧制,圧制
在り方,在り方
在日,在日
地,地
地上,地上
地下,地下
地位,地位
地元,地元
地図,地図
地域,地域
地平,地平
地方,地方
地獄,地獄
地球,地球
地理,地理
地震,地震
地面,地面
坂,坂
坂上,坂上
坂本,坂本
坂道,坂道
坊ちゃん,坊ちゃん
坊や,坊や
型,型
埋まる,埋まっ
埋まる,埋まる
埋める,埋め
埋める,埋めよ
埋める,埋める
城,城
執着,執着
基づく,基づい
基づく,基づき
基づく,基づく
基づく,基づけ
基本,基本
堂々,堂々
堅い,堅
堅い,堅い
堅い,堅かっ
堅い,堅く
堅い,堅くっ
堕落,堕落
報う,報わ
報告,報告
報道,報道
報酬,報酬
場,場
場合,場合
場所,場所
場面,場面
塀,塀
塁,塁
塗る,塗っ
塗る,塗ら
塗る,塗り
塗る,塗る
塗る,塗れ
塞ぎ込む,塞ぎ込ん
塞ぐ,塞い
塞ぐ,塞が
塞ぐ,塞ぐ
塞ぐ,塞げ
塩,塩
境地,境地
墓,墓
増える,増え
増える,増えりゃ
増える,増える
増える,増えれ
増やす,増やさ
増やす,増やし
増やす,増やす
増やす,増やせ
増やす,増やそ
増加,増加
墜落,墜落
壁,壁
壁際,壁際
壊す,壊さ
壊す,壊し
壊す,壊す
壊す,壊せ
壊れる,壊れ
壊れる,壊れる
士,士
声,声
売り上げ,売り上げ
売り切れる,売り切れ
売り渡す,売り渡さ
売り渡す,売り渡し
売り物,売り物
売り込む,売り込む
売り込む,売り込ん
売る,売っ
売る,売ら
売る,売り
売る,売りゃ
売る,売る
売る,売れ
売る,売ろ
売れる,売れ
売れる,売れる
売れ残り,売れ残り
売れ残る,売れ残っ
売上,売上
変,変
変える,変え
変える,変えよ
変える,変えりゃ
変える,変える
変える,変えれ
変える,変えろ
変わる,変わっ
変わる,変わら
変わる,変わり
変わる,変わる
変わる,変われ
変わる,変わん
変化,変化
変態,変態
変更,変更
変装,変装
変革,変革
夏,夏
夏休み,夏休み
夕方,夕方
夕食,夕食
夕飯,夕飯
外,外
外す,外さ
外す,外し
外す,外す
外す,外せ
外す,外そ
外れる,外れ
外れる,外れよ
外れる,外れる
外出,外出
外国,外国
外見,外見
外食,外食
多,多
多い,多
多い,多い
多い,多かっ
多い,多かれ
多い,多かろ
多い,多く
多い,多し
多く,多く
多分,多分
多大,多大
多少,多少
多様,多様
多読,多読
夜,夜
夜中,夜中
夜勤,夜勤
夢,夢
夢中,夢中
大,大
大きい,大き
大きい,大きい
大きい,大きかっ
大きい,大きく
大きい,大きゅう
大きな,大きな
大した,大した
大丈夫,大丈夫
大上,大上
大事,大事
大人,大人
大人気,大人気
大会,大会
大体,大体
大分,大分
大切,大切
大勢,大勢
大半,大半
大地,大地
大声,大声
大変,大変
大好き,大好き
大嫌い,大嫌い
大学,大学
大学生,大学生
大幅,大幅
大形,大形
大物,大物
大臣,大臣
大通り,大通り
大量,大量
大阪,大阪
大雨,大雨
大雪,大雪
大騒ぎ,大騒ぎ
天,天
天ぷら,天ぷら
天井,天井
天使,天使
天国,天国
天才,天才
天気,天気
天然,天然
天皇,天皇
天神,天神
天職,天職
太,太
太る,太っ
太る,太ら
太る,太り
太る,太る
太極拳,太極拳
太郎,太郎
太陽,太陽
夫,夫
夫唱婦随,夫唱婦随
夫婦,夫婦
失う,失い
失う,失う
失う,失え
失う,失っ
失う,失わ
失敗,失敗
失敗談,失敗談
失礼,失礼
奇妙,奇妙
奇跡,奇跡
奈良,奈良
契機,契機
契約,契約
奢る,奢っ
奢る,奢り
奥,奥
奥さん,奥さん
奪う,奪い
奪う,奪う
奪う,奪え
奪う,奪お
奪う,奪っ
奪う,奪わ
女,女
女の子,女の子
女人,女人
女子,女子
女子高,女子高
女性,女性
女房,女房
女物,女物
女王,女王
奴,奴
奴ら,奴ら
奴隷,奴隷
好,好
好き,好き
好く,好い
好く,好か
好く,好き
好意,好意
好感,好感
好物,好物
好評,好評
妃,妃
妄想,妄想
妊娠,妊娠
妊婦,妊婦
妖怪,妖怪
妥協,妥協
妹,妹
妻,妻
姉,姉
姉ちゃん,姉ちゃん
姉妹,姉妹
始まり,始まり
始まる,始まっ
始まる,始まら
始まる,始まり
始まる,始まる
始まる,始まろ
始まる,始まん
始め,始め
始める,始め
始める,始めよ
始める,始めりゃ
始める,始める
始める,始めん
委ねる,委ね
委ねる,委ねる
姪浜,姪浜
姫,姫
姿,姿
姿勢,姿勢
威信,威信
威厳,威厳
威嚇,威嚇
威張る,威張っ
威張る,威張ら
威張る,威張り
威張る,威張る
娘,娘
娯楽,娯楽
婚,婚
婚約,婚約
媚びる,媚び
媚びる,媚びる
嫁,嫁
嫁さん,嫁さん
嫁入り,嫁入り
嫉妬,嫉妬
嫌,嫌
嫌々,嫌々
嫌い,嫌い
嫌う,嫌い
嫌う,嫌う
嫌う,嫌っ
嫌う,嫌わ
嫌がらせ,嫌がらせ
嫌がる,嫌がっ
嫌がる,嫌がら
嫌がる,嫌がり
嫌がる,嫌がる
嫌気,嫌気
嬉しい,嬉し
嬉しい,嬉しい
嬉しい,嬉しかっ
嬉しい,嬉しく
子,子
子ども,子ども
子供,子供
子女,子女
子守,子守
子犬,子犬
子育て,子育て
字,字
字幕,字幕
存じ上げる,存じ上げ
存在,存在
孝行,孝行
季節,季節
孤独,孤独
学,学
学ぶ,学ば
学ぶ,学び
学ぶ,学ぶ
学ぶ,学べ
学ぶ,学ぼ
学ぶ,学ん
学べる,学べ
学べる,学べよ
学べる,学べる
学問,学問
学園,学園
学期,学期
学校,学校
学歴,学歴
学生,学生
学習,学習
学者,学者
学部,学部
孫,孫
宅急便,宅急便
宇宙,宇宙
守り,守り
守る,守っ
守る,守ら
守る,守り
守る,守る
守る,守れ
守る,守ろ
守れる,守れ
守れる,守れる
守宮,守宮
安い,安
安い,安い
安い,安かっ
安い,安く
安全,安全
安定,安定
安心,安心
安産,安産
完,完
完備,完備
完全,完全
完成,完成
完璧,完璧
完結,完結
宗教,宗教
定住,定住
定時,定時
定期,定期
定番,定番
定義,定義
宛て,宛て
宜しく,宜しく
宝物,宝物
宝石,宝石
実に,実に
実は,実は
実力,実力
実家,実家
実感,実感
実物,実物
実現,実現
実績,実績
実行,実行
実証,実証
実践,実践
実際,実際
実験,実験
客,客
客観,客観
宣伝,宣伝
宣言,宣言
室,室
宮沢,宮沢
害す,害さ
害す,害し
宵,宵
家,家
家中,家中
家事,家事
家具,家具
家庭,家庭
家族,家族
家来,家来
家計,家計
家賃,家賃
容赦,容赦
宿命,宿命
宿泊,宿泊
宿題,宿題
寂しい,寂し
寂しい,寂しい
寂しい,寂しかっ
寂しい,寂しく
寄せる,寄せ
寄せる,寄せる
寄り添う,寄り添い
寄る,寄っ
寄る,寄ら
寄る,寄り
寄る,寄る
寄る,寄れ
寄る,寄ろ
寅,寅
密,密
富士山,富士山
寒い,寒
寒い,寒い
寒い,寒かっ
寒い,寒く
寝そべる,寝そべっ
寝る,寝
寝る,寝よ
寝る,寝りゃ
寝る,寝る
寝る,寝れ
寝る,寝ろ
寝坊,寝坊
寝泊まり,寝泊まり
寝苦しい,寝苦しい
寝込む,寝込ん
察する,察しろ
察する,察する
察知,察知
寧,寧
寮,寮
寮母,寮母
対する,対する
対応,対応
対等,対等
対策,対策
対象,対象
対面,対面
寿司,寿司
寿命,寿命
封筒,封筒
封鎖,封鎖
専攻,専攻
専業,専業
専用,専用
専門,専門
射る,射
射る,射る
将来,将来
尊い,尊い
尊い,尊き
尊い,尊し
尊敬,尊敬
尊重,尊重
尋ねる,尋ね
尋ねる,尋ねる
尋問,尋問
導く,導い
導く,導か
導く,導き
導く,導く
導く,導け
導入,導入
小さい,小さ
小さい,小さい
小さい,小さかっ
小さい,小さく
小さい,小さけれ
小さな,小さな
小倉,小倉
小僧,小僧
小太り,小太り
小学校,小学校
小学生,小学生
小指,小指
小皿,小皿
小説,小説
小遣い,小遣い
小鳥,小鳥
少々,少々
少し,少し
少ない,少な
少ない,少ない
少ない,少なかっ
少ない,少なから
少ない,少なかれ
少ない,少なく
少ない,少なけれ
少なくとも,少なくとも
少女,少女
少年,少年
尖る,尖っ
就く,就い
就く,就か
就く,就き
就く,就く
就く,就け
就業,就業
就職,就職
尻尾,尻尾
尽かす,尽かさ
尽くす,尽くさ
尽くす,尽くし
尽くす,尽くす
尽くす,尽くせ
尽くす,尽くそ
局,局
居場所,居場所
居心地,居心地
居留守,居留守
居眠り,居眠り
屈す,屈さ
屈す,屈し
屈辱,屈辱
届く,届い
届く,届か
届く,届き
届く,届く
届け,届け
届ける,届け
届ける,届けよ
届ける,届ける
屋,屋
屋台,屋台
屋敷,屋敷
屋根裏,屋根裏
屑,屑
展開,展開
層,層
履歴,履歴
山,山
山の上,山の上
山の神,山の神
山口,山口
山本,山本
山田,山田
山芋,山芋
岡,岡
岡崎,岡崎
岡部,岡部
岩,岩
峠,峠
島,島
島村,島村
崖,崖
崩す,崩さ
崩す,崩し
崩す,崩す
崩れる,崩れ
崩れる,崩れる
崩壊,崩壊
嵐,嵐
川,川
巡り,巡り
巡る,巡っ
巡る,巡ら
巡る,巡り
巡る,巡る
工場,工場
工夫,工夫
工程,工程
左,左
左側,左側
左右,左右
左手,左手
巧妙,巧妙
巨人,巨人
巨大,巨大
差,差
差し,差し
差し出す,差し出さ
差し出す,差し出し
差し出す,差し出す
差し込む,差し込ま
差し込む,差し込み
差し込む,差し込む
差し込む,差し込ん
差す,差さ
差す,差し
差す,差す
差す,差せ
己,己
巻き上げる,巻き上げ
巻き込む,巻き込ま
巻き込む,巻き込み
巻き込む,巻き込む
巻き込む,巻き込ん
巻く,巻い
巻く,巻か
巻く,巻き
巻く,巻く
巻く,巻け
巻く,巻こ
巻物,巻物
市,市
市場,市場
市役所,市役所
市民,市民
市長,市長
布,布
布団,布団
希望,希望
師,師
師匠,師匠
席,席
帰り,帰り
帰り道,帰り道
帰る,帰っ
帰る,帰ら
帰る,帰り
帰る,帰りゃ
帰る,帰る
帰る,帰れ
帰る,帰ろ
帰る,帰ん
帰れる,帰れ
帰れる,帰れよ
帰れる,帰れる
帰国,帰国
帰省,帰省
常,常
常に,常に
常勤,常勤
常時,常時
常識,常識
常連,常連
帽子,帽子
幅,幅
幅広い,幅広い
幅広い,幅広く
幕府,幕府
平凡,平凡
平均,平均
平安,平安
平安京,平安京
平成,平成
平日,平日
平気,平気
平等,平等
年,年
年のうち,年のうち
年上,年上
年下,年下
年代,年代
年収,年収
年明け,年明け
年末,年末
年生,年生
年配,年配
年間,年間
年齢,年齢
幸,幸
幸い,幸い
幸せ,幸せ
幸村,幸村
幸福,幸福
幻,幻
幼い,幼
幼い,幼い
幼い,幼かっ
幼い,幼き
幼い,幼く
幼なじみ,幼なじみ
幼稚園,幼稚園
幽霊,幽霊
広い,広
広い,広い
広い,広かっ
広い,広き
広い,広く
広い,広し
広がる,広がっ
広がる,広がり
広がる,広がる
広げる,広げ
広げる,広げる
広げる,広げろ
広告,広告
広場,広場
床,床
底,底
店,店
店内,店内
店員,店員
店長,店長
度,度
度目,度目
度胸,度胸
座,座
座る,座っ
座る,座ら
座る,座り
座る,座る
座る,座れ
座る,座ん
座長,座長
庭,庭
庶民,庶民
廃業,廃業
廊下,廊下
延ばす,延ばさ
延ばす,延ばし
延ばす,延ばす
延ばす,延ばせ
延ばす,延ばそ
延長,延長
建つ,建っ
建つ,建つ
建て,建て
建てる,建て
建てる,建てる
建物,建物
建築,建築
弁当,弁当
弁護士,弁護士
式,式
式場,式場
弓,弓
引きずり込む,引きずり込ま
引きずり込む,引きずり込む
引きずり込む,引きずり込ん
引きずる,引きずっ
引きずる,引きずり
引きずる,引きずる
引きつける,引きつけ
引きつける,引きつける
引き出し,引き出し
引き出す,引き出さ
引き出す,引き出し
引き出す,引き出す
引き出す,引き出そ
引き出せる,引き出せ
引き出せる,引き出せる
引き受ける,引き受け
引き受ける,引き受ける
引き寄せる,引き寄せ
引き寄せる,引き寄せる
引き止める,引き止め
引き止める,引き止める
引き立て,引き立て
引き算,引き算
引き続き,引き続き
引き起こす,引き起こす
引き込む,引き込ま
引き込む,引き込みゃ
引き込む,引き込む
引き込む,引き込ん
引く,引い
引く,引か
引く,引き
引く,引く
引く,引け
引く,引こ
引く手あまた,引く手あまた
引ける,引け
引ける,引けよ
引ける,引ける
引っ,引っ
引っかかる,引っかかっ
引っかかる,引っかから
引っかかる,引っかかり
引っかかる,引っかかる
引っかく,引っかか
引っこ抜く,引っこ抜い
引っこ抜く,引っこ抜か
引っこ抜く,引っこ抜き
引っこ抜く,引っこ抜け
引っ張る,引っ張っ
引っ張る,引っ張ら
引っ張る,引っ張り
引っ張る,引っ張る
引っ張る,引っ張れ
引っ越し,引っ越し
引っ越す,引っ越し
引っ越す,引っ越す
引っ越す,引っ越せ
引導,引導
引越し,引越し
引退,引退
弟,弟
弱い,弱
弱い,弱い
弱い,弱かっ
弱い,弱き
弱い,弱く
弱音,弱音
張り倒す,張り倒し
張り切る,張り切っ
張り切る,張り切り
張り切る,張り切る
張り切る,張り切れ
張り紙,張り紙
張る,張っ
張る,張ら
張る,張り
張る,張る
強い,強
強い,強い
強い,強かっ
強い,強かろ
強い,強き
強い,強く
強い,強くっ
強い,強けれ
強い,強し
強いる,強い
強いる,強いる
強がる,強がっ
強がる,強がり
強める,強め
強める,強める
強制,強制
強化,強化
強引,強引
強気,強気
強烈,強烈
強盗,強盗
強者,強者
強要,強要
強調,強調
弾く,弾い
弾く,弾か
弾く,弾き
弾く,弾く
弾く,弾け
弾く,弾こ
弾ける,弾け
弾ける,弾ける
当たりまえ,当たりまえ
当たり前,当たり前
当たり障り,当たり障り
当たる,当たっ
当たる,当たら
当たる,当たり
当たる,当たる
当たる,当たれ
当たる,当たん
当てる,当て
当てる,当てる
当てる,当てれ
当分,当分
当初,当初
当店,当店
当日,当日
当時,当時
当然,当然
形,形
形式,形式
彫刻,彫刻
影,影
影響,影響
役,役
役に立つ,役に立た
役に立つ,役に立ち
役に立つ,役に立っ
役に立つ,役に立つ
役人,役人
役割,役割
役柄,役柄
役目,役目
役立つ,役立た
役立つ,役立ち
役立つ,役立っ
役立つ,役立つ
役職,役職
彼,彼
彼ら,彼ら
彼女,彼女
彼氏,彼氏
待,待
待ち合わせ,待ち合わせ
待ち遠しい,待ち遠しい
待つ,待た
待つ,待ち
待つ,待っ
待つ,待つ
待つ,待て
待つ,待と
待てる,待て
待てる,待てよ
待てる,待てる
待機,待機
後,後
後で,後で
後ろ,後ろ
後半,後半
後回し,後回し
後悔,後悔
後日,後日
後者,後者
後見人,後見人
後輩,後輩
徐々に,徐々に
従う,従い
従う,従う
従う,従え
従う,従っ
従う,従わ
従業,従業
得,得
得る,得
得る,得よ
得る,得る
得る,得ん
得意,得意
御免,御免
復帰,復帰
復活,復活
復縁,復縁
復習,復習
復讐,復讐
微妙,微妙
徳,徳
徹,徹
徹す,徹し
徹夜,徹夜
徹底,徹底
心,心
心から,心から
心底,心底
心強い,心強い
心強い,心強かっ
心掛ける,心掛けよ
心理,心理
心細い,心細い
心細い,心細く
心臓,心臓
心象,心象
心遣い,心遣い
心配,心配
必ず,必ず
必ずしも,必ずしも
必勝,必勝
必死,必死
必然,必然
必要,必要
必須,必須
志向,志向
忘れる,忘れ
忘れる,忘れよ
忘れる,忘れる
忘れる,忘れろ
忘れる,忘れん
忘れ物,忘れ物
忙しい,忙し
忙しい,忙しい
忙しい,忙しかっ
忙しい,忙しく
応じる,応じ
応じる,応じる
応募,応募
応援,応援
忠告,忠告
忠誠,忠誠
快楽,快楽
快速,快速
快適,快適
怒り,怒り
怒り狂う,怒り狂う
怒り狂う,怒り狂っ
怒る,怒
怒る,怒っ
怒る,怒ら
怒る,怒り
怒る,怒る
怒る,怒れ
怒れる,怒れ
怒れる,怒れる
怒鳴る,怒鳴っ
怒鳴る,怒鳴ら
怒鳴る,怒鳴る
怖い,怖
怖い,怖い
怖い,怖かっ
怖い,怖く
怖がる,怖が
怖がる,怖がっ
怖がる,怖がら
怖がる,怖がり
怖がる,怖がる
怖がる,怖がん
思い,思い
思いだす,思いだし
思いっきり,思いっきり
思いつく,思いつい
思いつく,思いつか
思いつく,思いつき
思いつく,思いつく
思いやり,思いやり
思い出,思い出
思い出す,思い出さ
思い出す,思い出し
思い出す,思い出す
思い出す,思い出せ
思い出せる,思い出せ
思い出せる,思い出せる
思い出せる,思い出せん
思い切り,思い切り
思い切る,思い切っ
思い切る,思い切る
思い当たる,思い当たっ
思い描く,思い描い
思う,思い
思う,思う
思う,思え
思う,思お
思う,思っ
思う,思わ
思える,思え
思える,思える
思わず,思わず
思慮,思慮
思考,思考
怠ける,怠け
怠ける,怠けれ
怠慢,怠慢
急,急
急ぐ,急い
急ぐ,急が
急ぐ,急ぎ
急ぐ,急ぎゃ
急ぐ,急ぐ
急ぐ,急げ
急ぐ,急ご
急遽,急遽
性,性
性格,性格
性欲,性欲
性能,性能
性質,性質
怪しい,怪しい
怪しい,怪しかっ
怪しい,怪しく
怪我,怪我
怪物,怪物
怯える,怯え
怯える,怯える
怯える,怯えろ
恋,恋
恋しい,恋し
恋しい,恋しい
恋しい,恋しく
恋人,恋人
恋愛,恋愛
恐がる,恐がっ
恐れ,恐れ
恐れながら,恐れながら
恐れる,恐れ
恐れる,恐れる
恐ろしい,恐ろし
恐ろしい,恐ろしい
恐ろしい,恐ろしかっ
恐ろしい,恐ろしく
恐怖,恐怖
恐縮,恐縮
恥,恥
恥ずかしい,恥ずかし
恥ずかしい,恥ずかしい
恥ずかしい,恥ずかしかっ
恥ずかしい,恥ずかしく
恥ずかしい,恥ずかしくっ
恥ずかしい,恥ずかしゅう
恥ずかしながら,恥ずかしながら
恨む,恨ま
恨む,恨み
恨む,恨む
恨む,恨め
恨む,恨ん
恩,恩
息,息
息子,息子
悔い,悔い
悔しい,悔し
悔しい,悔しい
悔しい,悔しかっ
悔しい,悔しく
悔やむ,悔やめ
悔やむ,悔やん
悟る,悟っ
悟る,悟ら
悟る,悟り
悟る,悟れ
悟る,悟ん
患者,患者
悩み,悩み
悩む,悩ま
悩む,悩み
悩む,悩む
悩む,悩め
悩む,悩も
悩む,悩ん
悪,悪
悪い,悪
悪い,悪い
悪い,悪ぅ
悪い,悪かっ
悪い,悪かろ
悪い,悪く
悪い,悪けりゃ
悪口,悪口
悪循環,悪循環
悪者,悪者
悪魔,悪魔
悲しい,悲し
悲しい,悲しい
悲しい,悲しかっ
悲しい,悲しく
悲しむ,悲しま
悲しむ,悲しむ
悲しむ,悲しん
悲鳴,悲鳴
情けない,情けな
情けない,情けない
情けない,情けなかっ
情けない,情けなく
情勢,情勢
情報,情報
情熱,情熱
情緒,情緒
惑わす,惑わさ
惑星,惑星
惚れる,惚れ
惜しい,惜し
惜しい,惜しい
惜しい,惜しかっ
惜しい,惜しく
想い,想い
想う,想う
想う,想っ
想像,想像
愁傷,愁傷
意味,意味
意図,意図
意地,意地
意地悪,意地悪
意外,意外
意外と,意外と
意志,意志
意思,意思
意見,意見
意識,意識
愚か,愚か
愚か者,愚か者
愚痴,愚痴
愛,愛
愛し合う,愛し合う
愛し合う,愛し合っ
愛す,愛さ
愛す,愛し
愛す,愛す
愛する,愛する
愛人,愛人
愛情,愛情
愛想,愛想
愛犬,愛犬
感,感
感じ,感じ
感じる,感じ
感じる,感じる
感じる,感じろ
感じ取る,感じ取っ
感じ取る,感じ取り
感じ取る,感じ取る
感じ取る,感じ取れ
感動,感動
感情,感情
感想,感想
感覚,感覚
感触,感触
感謝,感謝
態,態
態度,態度
慌てる,慌て
慌てる,慌てる
慎重,慎重
慣れっこ,慣れっこ
慣れる,慣れ
慣れる,慣れる
慣れる,慣れれ
慣用,慣用
慰め,慰め
慰める,慰め
慰める,慰める
憂い,憂
憂い,憂い
憎む,憎み
憎む,憎む
憎む,憎ん
憎悪,憎悪
憧れる,憧れ
憧れる,憧れる
憶える,憶え
懐かしい,懐かし
懐かしい,懐かしい
懐かしい,懐かしく
懸ける,懸け
懸ける,懸けよ
懸ける,懸ける
成り立つ,成り立た
成り立つ,成り立っ
成り立つ,成り立つ
成人,成人
成功,成功
成川,成川
成熟,成熟
成立,成立
成績,成績
成長,成長
我,我
我々,我々
我が,我が
我慢,我慢
戦,戦
戦い,戦い
戦う,戦い
戦う,戦う
戦う,戦え
戦う,戦お
戦う,戦っ
戦う,戦わ
戦える,戦え
戦える,戦えりゃ
戦える,戦える
戦える,戦えれ
戦争,戦争
戦士,戦士
戦後,戦後
戦闘,戦闘
戻す,戻さ
戻す,戻し
戻す,戻す
戻す,戻せ
戻す,戻そ
戻る,戻
戻る,戻っ
戻る,戻ら
戻る,戻り
戻る,戻る
戻る,戻れ
戻る,戻ろ
戻る,戻ん
戻れる,戻れ
戻れる,戻れよ
戻れる,戻れる
戻れる,戻れん
所,所
所属,所属
扇風機,扇風機
扉,扉
手,手
手伝い,手伝い
手伝う,手伝い
手伝う,手伝う
手伝う,手伝え
手伝う,手伝お
手伝う,手伝っ
手伝う,手伝わ
手前,手前
手加減,手加減
手取り,手取り
手土産,手土産
手帳,手帳
手拭い,手拭い
手放し,手放し
手放せる,手放せ
手段,手段
手洗,手洗
手洗い,手洗い
手紙,手紙
手術,手術
手袋,手袋
手足,手足
手遅れ,手遅れ
才能,才能
打ち合わせ,打ち合わせ
打ち明ける,打ち明け
打ち明ける,打ち明ける
打ち込む,打ち込ま
打ち込む,打ち込み
打ち込む,打ち込む
打ち込む,打ち込ん
打つ,打た
打つ,打ち
打つ,打ちゃ
打つ,打っ
打つ,打つ
打つ,打て
打つ,打と
打てる,打て
打てる,打てる
打てる,打てん
払う,払い
払う,払う
払う,払え
払う,払お
払う,払っ
払う,払わ
扱い,扱い
扱う,扱い
扱う,扱う
扱う,扱お
扱う,扱っ
扱う,扱わ
批判,批判
承知,承知
技,技
技術,技術
把握,把握
抑える,抑え
抑える,抑える
抑える,抑えろ
投げる,投げ
投げる,投げりゃ
投げる,投げる
投げる,投げれ
投げる,投げろ
投票,投票
投稿,投稿
折る,折っ
折る,折ら
折る,折り
折る,折る
折れる,折れ
折れる,折れる
抜き,抜き
抜く,抜い
抜く,抜か
抜く,抜き
抜く,抜く
抜く,抜け
抜く,抜こ
抜ける,抜け
抜ける,抜ける
抜ける,抜けれ
抜け出せる,抜け出せ
抜け出せる,抜け出せる
抱える,抱え
抱える,抱える
抱える,抱えん
抱え込む,抱え込ま
抱え込む,抱え込ん
抱きしめる,抱きしめ
抱きしめる,抱きしめる
抱きつく,抱きつい
抱きつく,抱きつか
抱きつく,抱きつく
抱きつく,抱きつこ
抱き合う,抱き合う
抱き合う,抱き合っ
抱く,抱い
抱く,抱か
抱く,抱き
抱く,抱く
抱ける,抱け
抱ける,抱ける
抱負,抱負
抵抗,抵抗
押さえる,押さえ
押さえる,押さえよ
押さえる,押さえりゃ
押さえる,押さえる
押しかける,押しかけ
押し倒す,押し倒す
押す,押さ
押す,押し
押す,押す
押す,押せ
押せる,押せ
押せる,押せる
担い手,担い手
担任,担任
担当,担当
拍手,拍手
拒む,拒む
拒否,拒否
拓海,拓海
拗る,拗ら
招き,招き
招待,招待
拝見,拝見
拭く,拭い
拭く,拭き
拭く,拭く
拷問,拷問
拾う,拾い
拾う,拾う
拾う,拾え
拾う,拾お
拾う,拾っ
拾う,拾わ
持ち上げる,持ち上げ
持ち上げる,持ち上げる
持ち主,持ち主
持ち出す,持ち出さ
持ち出す,持ち出し
持ち出す,持ち出す
持ち家,持ち家
持ち帰る,持ち帰っ
持ち帰る,持ち帰ら
持ち帰る,持ち帰り
持ち帰る,持ち帰る
持ち帰る,持ち帰れ
持ち帰る,持ち帰ろ
持ち時間,持ち時間
持ち替える,持ち替え
持ち歩く,持ち歩い
持ち歩く,持ち歩か
持ち歩く,持ち歩く
持ち込む,持ち込ま
持ち込む,持ち込む
持ち込む,持ち込め
持ち込む,持ち込ん
持つ,持た
持つ,持ち
持つ,持ちゃ
持つ,持っ
持つ,持つ
持つ,持て
持つ,持と
持てる,持て
持てる,持てる
指,指
指す,指さ
指す,指し
指す,指す
指す,指せ
指令,指令
指先,指先
指名,指名
指定,指定
指導,指導
指摘,指摘
指示,指示
指輪,指輪
挑む,挑み
挑む,挑む
挑む,挑め
挑む,挑も
挑む,挑ん
挑戦,挑戦
挙げる,挙げ
挙げる,挙げよ
挙げる,挙げる
挨拶,挨拶
挫折,挫折
振り,振り
振り向く,振り向い
振り向く,振り向か
振り向く,振り向き
振り向く,振り向く
振り込む,振り込ま
振り込む,振り込み
振り込む,振り込む
振り込む,振り込ん
振り返る,振り返っ
振り返る,振り返ら
振り返る,振り返り
振り返る,振り返る
振り返る,振り返れ
振る,振
振る,振っ
振る,振ら
振る,振り
振る,振りゃ
振る,振る
振る,振れ
振る,振ん
振る舞う,振る舞う
振る舞う,振る舞え
振る舞う,振る舞お
振る舞う,振る舞っ
振る舞う,振る舞わ
捉える,捉え
捉える,捉える
捉える,捉えれ
捕まえる,捕まえ
捕まえる,捕まえよ
捕まえる,捕まえる
捕まえる,捕まえれ
捕まえる,捕まえろ
捕まる,捕まっ
捕まる,捕まら
捕まる,捕まり
捕まる,捕まりゃ
捕まる,捕まる
捕まる,捕まれ
捕る,捕っ
捕る,捕ら
捕る,捕る
捕る,捕れ
捕る,捕ろ
捜す,捜さ
捜す,捜し
捜す,捜す
捜す,捜せ
捜す,捜そ
捜査,捜査
捧げる,捧げ
捧げる,捧げよ
捧げる,捧げる
捧げる,捧げれ
捨てる,捨て
捨てる,捨てよ
捨てる,捨てる
捨てる,捨てろ
捨てる,捨てん
捲る,捲る
掃除,掃除
授業,授業
掘り下げる,掘り下げ
掘り下げる,掘り下げる
掘り出し物,掘り出し物
掘る,掘っ
掘る,掘ら
掘る,掘り
掘る,掘る
掘る,掘れ
掛かる,掛かっ
掛かる,掛から
掛かる,掛かり
掛かる,掛かる
掛ける,掛け
掛ける,掛けよ
掛ける,掛ける
掛ける,掛けろ
掛け持ち,掛け持ち
採り,採り
採用,採用
探し出す,探し出さ
探し出す,探し出し
探し出す,探し出す
探し出す,探し出せ
探し出す,探し出そ
探し回る,探し回っ
探す,探さ
探す,探し
探す,探す
探す,探せ
探す,探そ
探る,探
探る,探っ
探る,探ら
探る,探り
探る,探る
探る,探れ
探る,探ろ
探索,探索
接する,接する
接点,接点
接触,接触
接近,接近
控え,控え
控え目,控え目
推測,推測
推薦,推薦
掲載,掲載
掴まる,掴まっ
掴まる,掴まる
掴まる,掴まれ
掴む,掴ま
掴む,掴み
掴む,掴む
掴む,掴ん
揃う,揃っ
揃える,揃え
揃える,揃える
描く,描い
描く,描か
描く,描き
描く,描く
描く,描け
描ける,描け
描ける,描ける
提供,提供
提出,提出
提唱,提唱
提案,提案
提示,提示
提起,提起
握る,握
握る,握っ
握る,握ら
握る,握り
握る,握る
援護,援護
揺らす,揺らし
揺れ,揺れ
揺れる,揺れ
揺れる,揺れる
損,損
損なう,損なう
損なう,損なっ
携帯,携帯
搾る,搾り
搾取,搾取
撃つ,撃た
撃つ,撃ち
撃つ,撃ちゃ
撃つ,撃っ
撃つ,撃つ
撃つ,撃て
撃つ,撃と
撤回,撤回
撫でる,撫で
撮る,撮
撮る,撮っ
撮る,撮ら
撮る,撮り
撮る,撮る
撮る,撮れ
撮る,撮ろ
撮影,撮影
攫う,攫う
攫う,攫っ
攫う,攫わ
支え,支え
支える,支え
支える,支える
支店,支店
支度,支度
支払い,支払い
支持,支持
支援,支援
支配,支配
支障,支障
改めて,改めて
改善,改善
攻撃,攻撃
攻略,攻略
放す,放さ
放す,放し
放す,放す
放す,放せ
放せる,放せ
放せる,放せよ
放ったらかし,放ったらかし
放つ,放た
放つ,放ち
放つ,放っ
放つ,放つ
放つ,放て
放れる,放れ
放れる,放れろ
政府,政府
故郷,故郷
故障,故障
敏感,敏感
救い,救い
救う,救い
救う,救う
救う,救え
救う,救お
救う,救っ
救う,救わ
救える,救え
救える,救える
救える,救えん
救命,救命
救急,救急
敗れる,敗れ
敗れる,敗れる
教,教
教え,教え
教える,教え
教える,教えよ
教える,教えりゃ
教える,教える
教える,教えれ
教える,教えろ
教室,教室
教師,教師
教授,教授
教科書,教科書
教育,教育
教養,教養
敢えて,敢えて
散る,散
散る,散っ
散る,散ら
散る,散り
散る,散る
散る,散れ
散る,散ろ
散歩,散歩
敬う,敬い
敬う,敬う
敬意,敬意
敬愛,敬愛
敬語,敬語
数,数
数える,数え
数える,数える
数える,数えれ
数カ月,数カ月
数字,数字
整う,整い
整う,整う
整う,整っ
整える,整え
整える,整える
整列,整列
整形,整形
整理,整理
敵,敵
敵意,敵意
敷く,敷い
敷く,敷か
敷く,敷き
敷く,敷く
敷く,敷け
文,文
文体,文体
文化,文化
文句,文句
文字,文字
文法,文法
文章,文章
料,料
料理,料理
料金,料金
断ち切れる,断ち切れる
断り,断り
断る,断っ
断る,断ら
断る,断り
断る,断る
断る,断れ
断トツ,断トツ
断然,断然
断言,断言
新,新
新しい,新し
新しい,新しい
新しい,新しき
新しい,新しく
新た,新た
新入,新入
新入生,新入生
新品,新品
新年,新年
新幹線,新幹線
新月,新月
新聞,新聞
新鮮,新鮮
方,方
方々,方々
方向,方向
方法,方法
方程式,方程式
方角,方角
方針,方針
方面,方面
施設,施設
旅,旅
旅人,旅人
旅行,旅行
旋回,旋回
既,既
既に,既に
日,日
日々,日々
日にち,日にち
日の出,日の出
日向,日向
日向ぼっこ,日向ぼっこ
日大,日大
日差し,日差し
日帰り,日帰り
日常,日常
日時,日時
日曜,日曜
日曜日,日曜日
日本,日本
日本人,日本人
日本語,日本語
日焼け,日焼け
日記,日記
日陰,日陰
日頃,日頃
旦那,旦那
早,早
早い,早
早い,早い
早い,早う
早い,早かっ
早い,早く
早い,早くっ
早い,早けれ
早め,早め
早寝,早寝
早朝,早朝
早苗,早苗
早起き,早起き
早速,早速
昇る,昇っ
昇る,昇り
昇る,昇る
明,明
明かり,明かり
明ける,明け
明ける,明ける
明ける,明けれ
明らか,明らか
明るい,明るい
明るい,明るかっ
明るい,明るく
明後日,明後日
明快,明快
明日,明日
明確,明確
易い,易
易い,易く
昔,昔
昔話,昔話
星空,星空
映す,映し
映す,映す
映す,映せ
映る,映
映る,映っ
映る,映ら
映る,映り
映る,映る
映る,映れ
映る,映ん
映像,映像
映画,映画
春,春
春原,春原
春物,春物
昨,昨
昨年,昨年
昨日,昨日
昭和,昭和
是非,是非
昼,昼
昼夜,昼夜
昼寝,昼寝
昼間,昼間
時,時
時々,時々
時に,時に
時代,時代
時分,時分
時刻,時刻
時期,時期
時点,時点
時計,時計
時速,時速
時間,時間
晩,晩
普及,普及
普段,普段
普通,普通
普遍,普遍
景色,景色
晴れ,晴れ
晴れる,晴れ
晴れる,晴れる
晴れる,晴れろ
智代,智代
暇,暇
暑い,暑
暑い,暑い
暑い,暑かっ
暑い,暑く
暖かい,暖か
暖かい,暖かい
暖かい,暖かく
暗い,暗
暗い,暗い
暗い,暗き
暗い,暗く
暗記,暗記
暗雲,暗雲
暗黙,暗黙
暮らし,暮らし
暮らす,暮らさ
暮らす,暮らし
暮らす,暮らす
暮らす,暮らそ
暴れる,暴れ
暴れる,暴れる
暴力,暴力
曇る,曇っ
曇る,曇り
曇る,曇る
曇る,曇れ
曖昧,曖昧
曲,曲
曲がる,曲がっ
曲がる,曲がり
曲がる,曲がる
曲がる,曲がれ
更かす,更かし
更に,更に
更新,更新
書,書
書き直す,書き直し
書き込む,書き込む
書き込む,書き込ん
書く,書い
書く,書か
書く,書き
書く,書く
書く,書け
書く,書こ
書ける,書け
書ける,書ける
書ける,書けん
書類,書類
替える,替え
替える,替えよ
替える,替える
最も,最も
最中,最中
最低,最低
最初,最初
最大,最大
最強,最強
最後,最後
最悪,最悪
最新,最新
最期,最期
最近,最近
最適,最適
最高,最高
月,月
月日,月日
月曜日,月曜日
月見,月見
有利,有利
有名,有名
有無,有無
有用,有用
有紀,有紀
有能,有能
有馬,有馬
朋,朋
服,服
服装,服装
望ましい,望ましい
望み,望み
望む,望ま
望む,望み
望む,望む
望む,望ん
朝,朝
朝食,朝食
朝飯,朝飯
期待,期待
期間,期間
期限,期限
木,木
木彫り,木彫り
未婚,未婚
未成年,未成年
未来,未来
未満,未満
未熟,未熟
末,末
末締め,末締め
末路,末路
本,本
本人,本人
本体,本体
本命,本命
本当,本当
本当に,本当に
本当は,本当は
本心,本心
本日,本日
本末転倒,本末転倒
本来,本来
本気,本気
本物,本物
本田,本田
本番,本番
本能,本能
本質,本質
本音,本音
机,机
杉坂,杉坂
杏,杏
杏奈,杏奈
材料,材料
村,村
村上,村上
条件,条件
来る,来
来る,来い
来る,来っ
来る,来よ
来る,来ら
来る,来る
来る,来れ
来る,来ん
来年,来年
来店,来店
来月,来月
来週,来週
東,東
東京,東京
東京大学,東京大学
東北,東北
東南アジア,東南アジア
東大,東大
松下,松下
枚,枚
果たして,果たして
果たす,果たさ
果たす,果たし
果たす,果たす
果たす,果たせ
果たす,果たそ
果汁,果汁
果物,果物
枠,枠
枠組み,枠組み
架かる,架かっ
架空,架空
柄,柄
染みつく,染みつい
柔らかい,柔らか
柔らかい,柔らかい
柔らかい,柔らかく
柔道,柔道
柱,柱
栄養,栄養
校則,校則
校外,校外
株価,株価
株式,株式
根っから,根っから
根底,根底
根性,根性
根拠,根拠
格好,格好
格差,格差
桁,桁
桃,桃
桃色,桃色
案件,案件
案内,案内
桜,桜
桜子,桜子
梅子,梅子
梅雨,梅雨
棄てる,棄て
棒,棒
棚,棚
森,森
森田,森田
椅子,椅子
椋,椋
植物,植物
検査,検査
検索,検索
検討,検討
検証,検証
極楽,極楽
極端,極端
楽,楽
楽しい,楽し
楽しい,楽しい
楽しい,楽しかっ
楽しい,楽しく
楽しい,楽しくっ
楽しい,楽しけれ
楽しみ,楽しみ
楽しむ,楽しま
楽しむ,楽しみ
楽しむ,楽しむ
楽しむ,楽しも
楽しむ,楽しん
楽しめる,楽しめ
楽しめる,楽しめる
楽しめる,楽しめれ
楽器,楽器
概念,概念
概要,概要
構う,構い
構う,構う
構う,構え
構う,構っ
構う,構わ
構える,構え
構える,構えよ
構える,構える
構内,構内
構造,構造
様,様
様々,様々
様子,様子
様子見,様子見
標準,標準
模様替え,模様替え
権,権
権利,権利
権力,権力
横,横
横顔,横顔
橋,橋
機,機
機会,機会
機嫌,機嫌
機材,機材
機械,機械
機能,機能
櫛,櫛
欄,欄
欠く,欠い
欠く,欠か
欠く,欠く
欠ける,欠け
欠ける,欠ける
次,次
次に,次に
次回,次回
次第,次第
次第に,次第に
欲,欲
欲しい,欲し
欲しい,欲しい
欲しい,欲しかっ
欲しい,欲しく
欲望,欲望
歌,歌
歌う,歌い
歌う,歌う
歌う,歌え
歌う,歌お
歌う,歌っ
歌う,歌わ
歌える,歌え
歌声,歌声
歌手,歌手
歌舞伎,歌舞伎
歌詞,歌詞
歓迎,歓迎
止まる,止まっ
止まる,止まら
止まる,止まり
止まる,止まる
止まる,止まれ
止まる,止まん
止む,止み
止む,止む
止む,止ん
止め,止め
止める,止め
止める,止めよ
止める,止める
止める,止めれ
止める,止めろ
正しい,正し
正しい,正しい
正しい,正しかっ
正しい,正しく
正しい,正しけりゃ
正しい,正しけれ
正しく,正しく
正体,正体
正式,正式
正当,正当
正直,正直
正確,正確
正解,正解
正面,正面
武器,武器
歩,歩
歩く,歩い
歩く,歩か
歩く,歩き
歩く,歩く
歩く,歩け
歩く,歩こ
歩ける,歩け
歩ける,歩けよ
歩ける,歩ける
歩む,歩ま
歩む,歩み
歩む,歩む
歩む,歩ん
歩道,歩道
歪み,歪み
歯,歯
歯ブラシ,歯ブラシ
歯磨き粉,歯磨き粉
歳,歳
歳暮,歳暮
歳月,歳月
歳歳,歳歳
歴史,歴史
死,死
死に損ない,死に損ない
死ぬ,死な
死ぬ,死に
死ぬ,死にゃ
死ぬ,死ぬ
死ぬ,死ね
死ぬ,死の
死ぬ,死ん
死因,死因
残す,残さ
残す,残し
残す,残す
残す,残そ
残り,残り
残る,残っ
残る,残ら
残る,残り
残る,残る
残る,残れ
残る,残ん
残念,残念
残業,残業
殴る,殴っ
殴る,殴ら
殴る,殴り
殴る,殴る
殴る,殴れ
殴る,殴ろ
殴れる,殴れ
殴れる,殴れる
段,段
段々,段々
段落,段落
段階,段階
殺し,殺し
殺す,殺さ
殺す,殺し
殺す,殺す
殺す,殺せ
殺す,殺そ
殺る,殺
殺る,殺っ
殺る,殺ら
殺る,殺り
殺る,殺る
殺る,殺れ
殺人,殺人
殺虫,殺虫
殺風景,殺風景
殿,殿
殿方,殿方
母,母
母さん,母さん
母ちゃん,母ちゃん
母親,母親
母語,母語
毎年,毎年
毎日,毎日
毎月,毎月
毎朝,毎朝
毎週,毎週
毒,毒
比べる,比べ
比べる,比べよ
比べる,比べりゃ
比べる,比べる
比べる,比べれ
比較,比較
毛,毛
氏,氏
民族,民族
気,気
気がつく,気がつい
気がつく,気がつく
気づく,気づい
気づく,気づか
気づく,気づき
気づく,気づきゃ
気づく,気づく
気づく,気づけ
気に入る,気に入っ
気に入る,気に入ら
気に入る,気に入り
気に入る,気に入る
気の毒,気の毒
気まずい,気まず
気まずい,気まずい
気まずい,気まずかっ
気まずい,気まずく
気付く,気付い
気付く,気付か
気付く,気付き
気付く,気付く
気付く,気付け
気分,気分
気合い,気合い
気味,気味
気持ち,気持ち
気持ちいい,気持ちいい
気持ちよい,気持ちよ
気持ちよい,気持ちよかっ
気持ちよい,気持ちよく
気持ち良い,気持ち良
気温,気温
気遣い,気遣い
気配,気配
気配り,気配り
水,水
水たまり,水たまり
水族館,水族館
水曜日,水曜日
水筒,水筒
水遊び,水遊び
永住,永住
永瀬,永瀬
永遠,永遠
汁,汁
求める,求め
求める,求める
汐,汐
汗,汗
汚い,汚
汚い,汚い
汚い,汚く
汚す,汚し
汚す,汚す
汚す,汚そ
汚らわしい,汚らわしい
汚れ,汚れ
汚れる,汚れ
汚れる,汚れる
汚点,汚点
江戸,江戸
池,池
決して,決して
決まり,決まり
決まる,決まっ
決まる,決まら
決まる,決まり
決まる,決まりゃ
決まる,決まる
決まる,決まれ
決まる,決まん
決めつける,決めつけ
決めつける,決めつける
決める,決め
決める,決めよ
決める,決める
決める,決めろ
決める,決めん
決定,決定
決心,決心
決意,決意
決断,決断
決済,決済
沈む,沈み
沈む,沈む
沈む,沈ん
沈黙,沈黙
沙,沙
沢山,沢山
沸かす,沸かし
沸かす,沸かしゃ
沸かす,沸かす
沸かす,沸かせ
油断,油断
治る,治っ
治る,治ら
治る,治り
治る,治る
治る,治れ
治る,治ん
治療,治療
沿う,沿う
沿う,沿っ
沿う,沿わ
泉,泉
泊,泊
泊まり,泊まり
泊まる,泊まっ
泊まる,泊まら
泊まる,泊まる
泊まる,泊まれ
泊める,泊め
泊める,泊める
泊る,泊っ
法,法
法る,法っ
法律,法律
泣かす,泣かさ
泣かす,泣かし
泣かす,泣かす
泣かせる,泣かせ
泣かせる,泣かせる
泣き,泣き
泣き叫ぶ,泣き叫ぶ
泣き叫ぶ,泣き叫べ
泣き叫ぶ,泣き叫ん
泣く,泣い
泣く,泣か
泣く,泣き
泣く,泣く
泥,泥
泥棒,泥棒
注射,注射
注意,注意
注意報,注意報
注文,注文
注目,注目
泳ぐ,泳い
泳ぐ,泳が
泳ぐ,泳ぎ
泳ぐ,泳ぐ
泳ぐ,泳げ
泳げる,泳げ
泳げる,泳げる
洋服,洋服
洗う,洗い
洗う,洗う
洗う,洗え
洗う,洗お
洗う,洗っ
洗う,洗わ
洗浄,洗浄
洗濯,洗濯
洗脳,洗脳
洞察,洞察
洞穴,洞穴
洞窟,洞窟
津波,津波
津田,津田
活,活
活かす,活かし
活かす,活かす
活動,活動
活用,活用
活躍,活躍
派,派
派手,派手
派遣,派遣
流す,流さ
流す,流し
流す,流しゃ
流す,流す
流す,流せ
流す,流そ
流れ,流れ
流れる,流れ
流れる,流れる
流れる,流れん
流石,流石
流行,流行
流行る,流行っ
流行る,流行り
流行る,流行る
浅い,浅
浅い,浅い
浅い,浅かっ
浅い,浅く
浜辺,浜辺
浪人,浪人
浮かぶ,浮かば
浮かぶ,浮かび
浮かぶ,浮かぶ
浮かぶ,浮かん
浮く,浮い
浮く,浮き
浮く,浮く
浮力,浮力
浮気,浮気
浴びる,浴び
浴びる,浴びる
浴びる,浴びれ
浴衣,浴衣
海,海
海図,海図
海外,海外
海岸,海岸
海沿い,海沿い
海鮮,海鮮
消える,消え
消える,消えよ
消える,消える
消える,消えれ
消える,消えろ
消す,消さ
消す,消し
消す,消す
消す,消せ
消す,消そ
消せる,消せ
消せる,消せる
消化,消化
消防,消防
消防車,消防車
涙,涙
液晶,液晶
涼しい,涼し
涼しい,涼しい
涼しい,涼しく
淋しい,淋しい
淋しい,淋しく
淡々,淡々
深い,深
深い,深い
深い,深き
深い,深く
深める,深め
深める,深めよ
深める,深める
深刻,深刻
深呼吸,深呼吸
混じる,混じっ
混じる,混じる
混む,混み
混む,混ん
混乱,混乱
混浴,混浴
清々,清々
清潔,清潔
済ませる,済ませ
済まない,済まない
済まない,済まなかっ
済み,済み
済む,済ま
済む,済み
済む,済む
済む,済め
済む,済ん
渋い,渋
渋い,渋い
渋い,渋かっ
渋滞,渋滞
渚,渚
減らす,減らし
減らす,減らす
減る,減っ
減る,減ら
減る,減り
減る,減る
減る,減れ
減少,減少
渡し,渡し
渡す,渡さ
渡す,渡し
渡す,渡す
渡す,渡せ
渡す,渡そ
渡る,渡っ
渡る,渡ら
渡る,渡り
渡る,渡る
渡る,渡れ
渡る,渡ろ
温かい,温か
温かい,温かい
温かい,温かく
温まる,温まら
温まる,温まる
温厚,温厚
温水,温水
温泉,温泉
測る,測っ
測る,測ら
測る,測り
測る,測る
測る,測ろ
港,港
湯,湯
湯上がり,湯上がり
湿度,湿度
湿疹,湿疹
満たす,満たさ
満たす,満たし
満たす,満たす
満ちる,満ち
満ちる,満ちる
満塁,満塁
満足,満足
満開,満開
源,源
準備,準備
溜まる,溜まっ
溜める,溜め
溜める,溜める
溢れる,溢れ
溢れる,溢れる
溶ける,溶け
溶ける,溶ける
溶ける,溶けれ
滑,滑
滑り,滑り
滑る,滑っ
滑る,滑ら
滑る,滑り
滑る,滑る
滑る,滑ろ
滝,滝
滞在,滞在
滴,滴
漁,漁
漂う,漂い
漂う,漂う
漂う,漂っ
漏らす,漏らさ
漏らす,漏らし
漏らす,漏らす
漏れる,漏れ
漏れる,漏れる
漏れる,漏れれ
演劇,演劇
演奏,演奏
演技,演技
演説,演説
漕ぐ,漕い
漕ぐ,漕ぎ
漕ぐ,漕げ
漢字,漢字
漫才,漫才
漫画,漫画
潜める,潜め
潰す,潰さ
潰す,潰し
潰す,潰しゃ
潰す,潰す
潰す,潰せ
潰す,潰そ
潰れる,潰れ
潰れる,潰れる
激しい,激し
激しい,激しい
激しい,激しく
濁す,濁し
濃い,濃
濃い,濃い
濃い,濃かっ
濃い,濃く
濡れる,濡れ
濡れる,濡れる
火,火
火傷,火傷
火曜日,火曜日
火水,火水
灰色,灰色
災い,災い
災害,災害
炊ける,炊け
炒める,炒め
炒める,炒める
点,点
点く,点け
点字,点字
点数,点数
為,為
烏,烏
烙印,烙印
無,無
無い,無い
無い,無かっ
無い,無から
無い,無き
無い,無く
無い,無くっ
無い,無し
無くす,無くし
無くす,無くす
無くす,無くせ
無くなる,無くなっ
無くなる,無くなり
無し,無し
無事,無事
無地,無地
無実,無実
無心,無心
無意味,無意味
無意識,無意識
無料,無料
無条件,無条件
無理,無理
無理やり,無理やり
無用,無用
無礼,無礼
無職,無職
無能,無能
無視,無視
無言,無言
無責任,無責任
無難,無難
無駄,無駄
無駄遣い,無駄遣い
焦る,焦っ
焦る,焦ら
焦る,焦り
焦る,焦る
焦る,焦ん
焦点,焦点
焼き肉,焼き肉
焼く,焼い
焼く,焼か
焼く,焼き
焼く,焼く
焼く,焼け
焼く,焼こ
焼ける,焼け
焼ける,焼ける
焼却,焼却
煙,煙
照らす,照らさ
照らす,照らし
照らす,照らす
照れる,照れ
照れる,照れる
熱,熱
熱い,熱
熱い,熱い
熱い,熱く
熱い,熱けりゃ
熱心,熱心
熱意,熱意
燃える,燃え
燃える,燃えりゃ
燃える,燃える
燃える,燃えろ
燃え尽きる,燃え尽き
燃え尽きる,燃え尽きる
燃やす,燃やさ
燃やす,燃やし
燃やす,燃やす
爆発,爆発
爪,爪
父,父
父さん,父さん
父ちゃん,父ちゃん
父親,父親
爽やか,爽やか
片づける,片づけ
片づける,片づける
片付け,片付け
片付ける,片付け
片付ける,片付けよ
片思い,片思い
片手,片手
片方,片方
版,版
牢,牢
牧場,牧場
物,物
物事,物事
物腰,物腰
物語,物語
物質,物質
物足りない,物足りない
特に,特に
特別,特別
特売,特売
特徴,特徴
特急,特急
特殊,特殊
特許,特許
特進,特進
犠牲,犠牲
犬,犬
犯す,犯さ
犯す,犯し
犯す,犯す
犯人,犯人
犯罪,犯罪
犯行,犯行
状,状
状態,状態
状況,状況
狂う,狂い
狂う,狂う
狂う,狂っ
狂犬,狂犬
狙い,狙い
狙う,狙い
狙う,狙う
狙う,狙え
狙う,狙お
狙う,狙っ
狙う,狙わ
狙撃,狙撃
独学,独学
独特,独特
独立,独立
狭い,狭
狭い,狭い
狭い,狭く
狼,狼
猫,猫
猫可愛がり,猫可愛がり
猿,猿
率,率
玉,玉
王国,王国
王子,王子
王族,王族
王様,王様
珍しい,珍し
珍しい,珍しい
珍しい,珍しかろ
珍しい,珍しく
現れる,現れ
現れる,現れる
現れる,現れれ
現れる,現れん
現代,現代
現在,現在
現場,現場
現実,現実
現状,現状
現象,現象
現金,現金
理屈,理屈
理念,理念
理性,理性
理想,理想
理由,理由
理科,理科
理解,理解
理論,理論
環,環
環境,環境
瓶,瓶
甘い,甘
甘い,甘い
甘い,甘かっ
甘い,甘く
甘え,甘え
甘える,甘え
甘える,甘えよ
甘える,甘える
甘える,甘えん
甘やかす,甘やかし
甘やかす,甘やかす
甘口,甘口
生,生
生える,生え
生える,生える
生かす,生かさ
生かす,生かし
生かす,生かす
生きる,生き
生きる,生きよ
生きる,生きる
生きる,生きれ
生きる,生きろ
生き方,生き方
生き物,生き物
生き甲斐,生き甲斐
生き返る,生き返っ
生き返る,生き返ら
生き返る,生き返り
生け簀,生け簀
生じる,生じ
生じる,生じる
生じる,生じれ
生まれ,生まれ
生まれる,生まれ
生まれる,生まれる
生まれる,生まれれ
生まれる,生まれん
生まれ変わる,生まれ変わっ
生まれ変わる,生まれ変わら
生まれ変わる,生まれ変わる
生まれ変われる,生まれ変われる
生み出す,生み出さ
生み出す,生み出し
生み出す,生み出す
生む,生ま
生む,生み
生む,生む
生む,生ん
生やす,生やし
生体,生体
生前,生前
生命,生命
生地,生地
生年月日,生年月日
生徒,生徒
生息,生息
生成,生成
生活,生活
生涯,生涯
生物,生物
生理,生理
生産,生産
生計,生計
生魚,生魚
産まれる,産まれ
産む,産ま
産む,産む
産む,産ん
産業,産業
用,用
用事,用事
用意,用意
田,田
田んぼ,田んぼ
田中,田中
田所,田所
田舎,田舎
由来,由来
甲斐,甲斐
申し上げる,申し上げ
申し上げる,申し上げる
申し訳,申し訳
申し込み,申し込み
申し込む,申し込ま
申し込む,申し込む
申し込む,申し込ん
申す,申さ
申す,申し
申す,申す
申す,申せ
申請,申請
男,男
男の子,男の子
男女,男女
男子,男子
男性,男性
町,町
画像,画像
画面,画面
畑,畑
留学,留学
留学生,留学生
留守,留守
留守番,留守番
略,略
略す,略し
番,番
番号,番号
番組,番組
異なる,異なっ
異なる,異なり
異なる,異なる
異動,異動
異常,異常
異性,異性
畳みかける,畳みかけ
畳みかける,畳みかける
畳みかける,畳みかけろ
畳む,畳む
畳む,畳め
畳む,畳ん
疑い深い,疑い深い
疑う,疑い
疑う,疑う
疑う,疑え
疑う,疑っ
疑う,疑わ
疑問,疑問
疲れ,疲れ
疲れる,疲れ
疲れる,疲れる
疲れる,疲れん
疲弊,疲弊
病弱,病弱
病気,病気
病院,病院
症,症
症状,症状
痒い,痒
痒い,痒い
痛い,痛
痛い,痛い
痛い,痛かっ
痛い,痛かろ
痛い,痛く
痛み,痛み
痛む,痛ま
痛む,痛み
痛む,痛む
痩せる,痩せ
痩せる,痩せる
痩せる,痩せろ
痺れる,痺れる
癖,癖
発,発
発信,発信
発声,発声
発売,発売
発展,発展
発想,発想
発生,発生
発表,発表
発見,発見
発言,発言
発足,発足
発車,発車
発音,発音
登る,登っ
登る,登ら
登る,登り
登る,登る
登る,登れ
登る,登ろ
登れる,登れ
登れる,登れる
登場,登場
登校,登校
登録,登録
白い,白い
白い,白き
白い,白く
白熊,白熊
白鳥,白鳥
百,百
百人力,百人力
的,的
皆,皆
皆さん,皆さん
皆様,皆様
皆無,皆無
皇女,皇女
皇帝,皇帝
皮,皮
皿,皿
盆踊り,盆踊り
盗む,盗ま
盗む,盗み
盗む,盗む
盗む,盗も
盗む,盗ん
盛り上がる,盛り上がっ
盛り上がる,盛り上がら
盛り上がる,盛り上がり
盛り上がる,盛り上がる
盛る,盛っ
盛る,盛ら
盛る,盛り
盛る,盛る
盛る,盛ろ
監督,監督
監視,監視
目,目
目上,目上
目元,目元
目当て,目当て
目指す,目指し
目指す,目指す
目指す,目指せ
目指す,目指そ
目撃,目撃
目標,目標
目的,目的
目立つ,目立た
目立つ,目立ち
目立つ,目立っ
目立つ,目立つ
目立つ,目立て
目線,目線
目見,目見
目覚まし,目覚まし
目覚める,目覚め
目覚める,目覚めよ
目覚める,目覚めりゃ
目覚める,目覚める
目覚める,目覚めれ
盲目,盲目
直し,直し
直す,直さ
直す,直し
直す,直す
直す,直せ
直す,直そ
直せる,直せ
直せる,直せる
直前,直前
直後,直後
直感,直感
直接,直接
直接的,直接的
直行,直行
相反,相反
相場,相場
相変わらず,相変わらず
相当,相当
相性,相性
相手,相手
相撲,相撲
相楽,相楽
相槌,相槌
相談,相談
省,省
看板,看板
看病,看病
県,県
真,真
真っ暗,真っ暗
真っ最中,真っ最中
真っ直ぐ,真っ直ぐ
真っ赤,真っ赤
真ん中,真ん中
真ん丸,真ん丸
真似,真似
真剣,真剣
真実,真実
真理,真理
真紀,真紀
真面目,真面目
眠い,眠
眠い,眠い
眠い,眠く
眠る,眠っ
眠る,眠ら
眠る,眠り
眠る,眠る
眠る,眠れ
眠る,眠ろ
眠れる,眠れ
眠れる,眠れる
眠気,眠気
眩しい,眩しい
眩しい,眩しく
眺める,眺め
眺める,眺める
眼科,眼科
眼鏡,眼鏡
着,着
着く,着い
着く,着か
着く,着き
着く,着く
着く,着け
着ける,着け
着ける,着けよ
着ける,着ける
着ける,着けれ
着る,着
着る,着る
着る,着ろ
着替え,着替え
着替える,着替え
着替える,着替える
着替える,着替えろ
睡眠,睡眠
瞑想,瞑想
瞬間,瞬間
瞳,瞳
矛盾,矛盾
矢,矢
知り合い,知り合い
知り合う,知り合っ
知る,知っ
知る,知ら
知る,知り
知る,知る
知る,知れ
知る,知ろ
知る,知ん
知性,知性
知恵,知恵
知識,知識
短い,短
短い,短い
短い,短く
短所,短所
短期,短期
短期間,短期間
短歌,短歌
短気,短気
石,石
石鹸,石鹸
砂糖,砂糖
研修,研修
研究,研究
砕く,砕い
砕く,砕か
砕く,砕き
砕く,砕く
破る,破っ
破る,破ら
破る,破り
破る,破る
破る,破れ
破る,破ろ
破壊,破壊
破裂,破裂
硬い,硬
硬い,硬い
硬い,硬く
確か,確か
確かめる,確かめ
確かめる,確かめよ
確かめる,確かめる
確かめる,確かめろ
確信,確信
確定,確定
確実,確実
確率,確率
確認,確認
磨き,磨き
磨く,磨い
磨く,磨か
磨く,磨き
磨く,磨く
磨く,磨け
磯貝,磯貝
示す,示さ
示す,示し
示す,示す
示す,示せ
示す,示そ
礼,礼
礼儀,礼儀
社,社
社交,社交
社会,社会
社内,社内
社員,社員
社長,社長
祈る,祈っ
祈る,祈り
祈る,祈る
祈る,祈ろ
祐,祐
祐介,祐介
祖母,祖母
祖父,祖父
祖父母,祖父母
祝す,祝し
祝勝,祝勝
祝日,祝日
神,神
神様,神様
神父,神父
神社,神社
神経,神経
神道,神道
票,票
禁止,禁止
禁物,禁物
福岡,福岡
福岡空港,福岡空港
私,私
私有地,私有地
私服,私服
秋,秋
秋月,秋月
秋生,秋生
科学,科学
科目,科目
秒,秒
秘密,秘密
秘書,秘書
秩序,秩序
移す,移さ
移す,移し
移す,移す
移す,移せ
移す,移そ
移住,移住
移動,移動
移民,移民
移送,移送
程,程
程度,程度
種類,種類
稼ぐ,稼い
稼ぐ,稼が
稼ぐ,稼ぐ
稼ぐ,稼げ
稼ぐ,稼ご
稼働,稼働
稽古,稽古
穂,穂
積む,積ま
積む,積み
積む,積む
積む,積め
積む,積ん
穏やか,穏やか
穢れる,穢れ
穴,穴
穴熊,穴熊
空,空
空き,空き
空き缶,空き缶
空く,空い
空く,空か
空く,空き
空く,空く
空く,空け
空中,空中
空回り,空回り
空気,空気
空港,空港
空間,空間
突っ込む,突っ込ま
突っ込む,突っ込み
突っ込む,突っ込む
突っ込む,突っ込も
突っ込む,突っ込ん
突然,突然
窓,窓
窮地,窮地
立ち,立ち
立ち上がる,立ち上がっ
立ち上がる,立ち上がら
立ち上がる,立ち上がり
立ち上がる,立ち上がる
立ち上がる,立ち上がれ
立ち入り,立ち入り
立ち去る,立ち去っ
立ち去る,立ち去り
立ち去る,立ち去る
立ち去る,立ち去れ
立ち回る,立ち回っ
立ち回る,立ち回る
立ち止まる,立ち止まっ
立ち止まる,立ち止まり
立ち止まる,立ち止まる
立つ,立た
立つ,立ち
立つ,立ちゃ
立つ,立っ
立つ,立つ
立つ,立と
立てる,立て
立てる,立てよ
立てる,立てる
立候補,立候補
立場,立場
立川,立川
立派,立派
竜巻,竜巻
章,章
童貞,童貞
競争,競争
竹,竹
竹並,竹並
竹山,竹山
笑い,笑い
笑い声,笑い声
笑う,笑い
笑う,笑う
笑う,笑え
笑う,笑っ
笑う,笑わ
笑顔,笑顔
第,第
第一歩,第一歩
第三者,第三者
笹,笹
笹子,笹子
筋,筋
筋肉,筋肉
筋道,筋道
答え,答え
答える,答え
答える,答えよ
答える,答える
答える,答えろ
策,策
管理,管理
箱,箱
箸,箸
節,節
節約,節約
範囲,範囲
築き上げる,築き上げ
築き上げる,築き上げる
築く,築い
築く,築か
築く,築き
築く,築く
簡単,簡単
米,米
粉,粉
粗大ごみ,粗大ごみ
粘土,粘土
精いっぱい,精いっぱい
精一杯,精一杯
精確,精確
精神,精神
精進,精進
精霊,精霊
糸,糸
糸島,糸島
系,系
約,約
約束,約束
紅茶,紅茶
納得,納得
納豆,納豆
紐,紐
純粋,純粋
紙,紙
級,級
紛らわしい,紛らわしい
素,素
素っ気,素っ気
素敵,素敵
素早い,素早
素早い,素早い
素早い,素早く
素晴らしい,素晴らしい
素材,素材
素直,素直
素行,素行
紫,紫
細い,細
細い,細い
細い,細かろ
細い,細く
細かい,細かい
細かい,細かく
細やか,細やか
細長い,細長い
細長い,細長く
紳士,紳士
紹介,紹介
終える,終え
終える,終える
終える,終えれ
終わる,終わ
終わる,終わっ
終わる,終わら
終わる,終わり
終わる,終わる
終わる,終われ
終わる,終わろ
終わる,終わん
終了,終了
終電,終電
組,組
組み立て,組み立て
組み立てる,組み立て
組む,組ま
組む,組み
組む,組む
組む,組め
組む,組も
組む,組ん
組織,組織
絆,絆
経つ,経ち
経つ,経っ
経つ,経つ
経つ,経て
経る,経
経営,経営
経済,経済
経緯,経緯
経過,経過
経験,経験
結ぶ,結ば
結ぶ,結び
結ぶ,結ぶ
結ぶ,結べ
結ぶ,結ん
結婚,結婚
結婚式,結婚式
結局,結局
結末,結末
結果,結果
結構,結構
結論,結論
絞り込む,絞り込む
絞る,絞っ
絞る,絞ら
絞る,絞り
絞る,絞る
絞る,絞れ
絡む,絡ま
絡む,絡み
絡む,絡む
絡む,絡ん
給与,給与
給料,給料
給食,給食
統一,統一
絵,絵
絵文字,絵文字
絵本,絵本
絶つ,絶た
絶つ,絶ち
絶つ,絶っ
絶つ,絶つ
絶つ,絶て
絶妙,絶妙
絶対,絶対
絶望,絶望
継ぐ,継い
継ぐ,継が
継ぐ,継ぎ
継ぐ,継ぐ
継ぐ,継ご
続き,続き
続く,続い
続く,続か
続く,続き
続く,続く
続く,続け
続ける,続け
続ける,続けよ
続ける,続けりゃ
続ける,続ける
続ける,続けれ
続ける,続けろ
綴,綴
綺麗,綺麗
綿棒,綿棒
緊張,緊張
緊急,緊急
総理,総理
緑,緑
緑色,緑色
線,線
線引き,線引き
線路,線路
締め,締め
締め付ける,締め付け
締め切り,締め切り
編成,編成
編集,編集
緩める,緩め
緩める,緩める
練習,練習
縁,縁
縄,縄
縛る,縛っ
縛る,縛ら
縛る,縛り
縛る,縛る
縞,縞
縦,縦
縮める,縮め
縮める,縮める
繋がり,繋がり
繋がる,繋がっ
繋がる,繋がり
繋がる,繋がる
繋ぐ,繋い
繋ぐ,繋が
繋ぐ,繋ぎ
繋ぐ,繋ぐ
繋ぐ,繋ご
繕う,繕い
繕う,繕っ
繰り返し,繰り返し
繰り返す,繰り返さ
繰り返す,繰り返し
繰り返す,繰り返す
缶詰,缶詰
罠,罠
罪,罪
罪悪,罪悪
置き忘れる,置き忘れ
置く,置い
置く,置か
置く,置き
置く,置く
置く,置け
置く,置こ
罰,罰
罹る,罹っ
美しい,美し
美しい,美しい
美しい,美しかろ
美しい,美しき
美しい,美しく
美人,美人
美佐枝,美佐枝
美味しい,美味し
美味しい,美味しい
美味しい,美味しかっ
美味しい,美味しく
美和子,美和子
美女,美女
美容,美容
美少女,美少女
美術,美術
美術館,美術館
羨ましい,羨まし
羨ましい,羨ましい
羨ましい,羨ましく
羨ましい,羨ましくっ
義務,義務
義父,義父
義理,義理
羽,羽
羽田,羽田
翌日,翌日
習う,習い
習う,習っ
習字,習字
習得,習得
習慣,習慣
翻訳,翻訳
老後,老後
考え,考え
考える,考え
考える,考えよ
考える,考えりゃ
考える,考える
考える,考えれ
考える,考えろ
考え事,考え事
考え方,考え方
考え直す,考え直し
考え直す,考え直す
者,者
耐える,耐え
耐える,耐える
耐える,耐えろ
耐熱,耐熱
耳,耳
聖,聖
聞かす,聞かさ
聞かす,聞かし
聞き上手,聞き上手
聞き出す,聞き出さ
聞き出す,聞き出し
聞き出す,聞き出しゃ
聞き出す,聞き出す
聞き出す,聞き出せ
聞き出す,聞き出そ
聞き取る,聞き取り
聞き取る,聞き取る
聞き役,聞き役
聞き手,聞き手
聞く,聞い
聞く,聞か
聞く,聞き
聞く,聞く
聞く,聞け
聞く,聞こ
聞ける,聞け
聞ける,聞けよ
聞ける,聞ける
聞ける,聞けれ
聞ける,聞けん
聞こえる,聞こえ
聞こえる,聞こえる
聞こえる,聞こえん
聴く,聴い
聴く,聴か
聴く,聴き
聴く,聴く
職,職
職人,職人
職場,職場
職業,職業
職歴,職歴
肉,肉
肉体,肉体
肌,肌
肝心,肝心
肩,肩
肩書き,肩書き
肯定,肯定
育つ,育た
育つ,育ち
育つ,育っ
育つ,育つ
育てる,育て
育てる,育てよ
育てる,育てる
育てる,育てろ
育児,育児
胃,胃
背中,背中
背伸び,背伸び
背景,背景
背負う,背負い
背負う,背負う
背負う,背負っ
背負う,背負わ
胸,胸
能,能
能力,能力
脅す,脅さ
脅す,脅し
脅す,脅す
脅す,脅せ
脅迫,脅迫
脇,脇
脈,脈
脱ぐ,脱い
脱ぐ,脱ぎ
脱ぐ,脱ぎゃ
脱ぐ,脱ぐ
脱出,脱出
脱却,脱却
脳,脳
脳みそ,脳みそ
腐敗,腐敗
腕,腕
腫れる,腫れ
腰,腰
腹,腹
腹囲,腹囲
膝,膝
膨らます,膨らまし
膨らます,膨らます
膨れる,膨れ
膨れる,膨れる
臨場,臨場
自,自
自ら,自ら
自体,自体
自信,自信
自信満々,自信満々
自分,自分
自動,自動
自動的,自動的
自動車,自動車
自営業,自営業
自宅,自宅
自己,自己
自慢,自慢
自殺,自殺
自然,自然
自然体,自然体
自由,自由
自立,自立
自覚,自覚
自身,自身
自転車,自転車
臭,臭
臭い,臭
臭い,臭い
臭い,臭かっ
臭い,臭く
臭い,臭くっ
至る,至っ
至る,至ら
至る,至り
至る,至る
至る,至れ
至急,至急
致す,致し
致す,致す
興味,興味
興味深い,興味深い
興奮,興奮
舌,舌
舐める,舐め
舐める,舐める
舞い上がる,舞い上がっ
舞い上がる,舞い上がり
舞台,舞台
航空,航空
航路,航路
船,船
良い,良
良い,良い
良い,良かっ
良い,良かれ
良い,良かろ
良い,良き
良い,良く
良い,良くっ
良い,良けれ
良好,良好
良妻賢母,良妻賢母
色,色
色々,色々
色んな,色んな
色気,色気
芝居,芝居
芝生,芝生
芦原,芦原
芯,芯
花,花
花嫁,花嫁
花火,花火
花見,花見
芳野,芳野
芸人,芸人
芸当,芸当
芸能人,芸能人
芸術,芸術
芽,芽
芽衣,芽衣
苛む,苛ま
若い,若
若い,若い
若い,若かっ
若い,若き
若い,若く
若い,若けりゃ
若い,若けれ
若干,若干
若手,若手
若林,若林
若者,若者
苦い,苦い
苦い,苦き
苦い,苦く
苦しい,苦し
苦しい,苦しい
苦しい,苦しく
苦しい,苦しけれ
苦しむ,苦しま
苦しむ,苦しみ
苦しむ,苦しむ
苦しむ,苦しん
苦労,苦労
苦手,苦手
苦痛,苦痛
英会話,英会話
英文,英文
英語,英語
英雄,英雄
苺,苺
茂み,茂み
茶色,茶色
茶飯事,茶飯事
草,草
荒い,荒い
荒い,荒く
荒れる,荒れ
荒井,荒井
荘,荘
荷,荷
荷物,荷物
荷造り,荷造り
菅原,菅原
菜摘,菜摘
菜緒,菜緒
華やか,華やか
落ちこぼれ,落ちこぼれ
落ちぶれる,落ちぶれ
落ちる,落ち
落ちる,落ちる
落ちる,落ちれ
落ちる,落ちろ
落ち着く,落ち着い
落ち着く,落ち着か
落ち着く,落ち着き
落ち着く,落ち着く
落ち着く,落ち着け
落ち着く,落ち着こ
落ち着ける,落ち着け
落ち着ける,落ち着けよ
落ち着ける,落ち着ける
落ち込む,落ち込ま
落ち込む,落ち込む
落ち込む,落ち込ん
落とし込める,落とし込め
落とす,落とさ
落とす,落とし
落とす,落とす
落とす,落とせ
落とす,落とそ
落着,落着
落語,落語
葉,葉
葉っぱ,葉っぱ
著作,著作
葬儀,葬儀
葬式,葬式
蒸し暑い,蒸し暑い
蒸し暑い,蒸し暑く
蒸し返す,蒸し返し
蒸れる,蒸れ
蓄える,蓄え
蓄える,蓄える
蓮,蓮
蕎麦,蕎麦
薄い,薄い
薄い,薄かっ
薄い,薄く
薦,薦
薬,薬
薬品,薬品
薬局,薬局
藁,藁
藤宮,藤宮
藤林,藤林
虫,虫
虫眼鏡,虫眼鏡
蛇,蛇
蛙,蛙
蜂,蜂
蜂の巣,蜂の巣
蜘蛛,蜘蛛
血,血
血液,血液
血管,血管
行う,行い
行う,行う
行う,行え
行う,行お
行う,行っ
行う,行わ
行き,行き
行きつけ,行きつけ
行き先,行き先
行く,行か
行く,行き
行く,行きゃ
行く,行く
行く,行け
行く,行こ
行く,行っ
行く手,行く手
行ける,行け
行ける,行けよ
行ける,行ける
行ける,行けれ
行ける,行けん
行事,行事
行列,行列
行動,行動
行方,行方
行為,行為
街,街
衝撃,衝撃
衣,衣
衣装,衣装
表す,表し
表す,表す
表す,表そ
表情,表情
表現,表現
表紙,表紙
表裏一体,表裏一体
衰退,衰退
袋,袋
被る,被っ
被る,被り
被る,被る
被告,被告
被害,被害
裁く,裁く
装う,装い
装う,装う
装う,装え
装う,装っ
装備,装備
装置,装置
裏,裏
裏切り,裏切り
裏切る,裏切っ
裏切る,裏切ら
裏切る,裏切り
裏切る,裏切る
裸,裸
製品,製品
製造,製造
複数,複数
複雑,複雑
褒める,褒め
褒める,褒める
褒める,褒めろ
褒める,褒めん
褒美,褒美
襲う,襲い
襲う,襲う
襲う,襲え
襲う,襲お
襲う,襲っ
襲う,襲わ
西,西
西日本,西日本
西暦,西暦
要するに,要するに
要は,要は
要る,要ら
要る,要る
要る,要ん
要因,要因
要望,要望
要求,要求
要素,要素
要請,要請
要領,要領
覆う,覆い
覆う,覆う
覆う,覆っ
覆う,覆わ
見,見
見え,見え
見える,見え
見える,見える
見える,見えれ
見かける,見かけ
見かける,見かける
見せる,見せ
見せる,見せよ
見せる,見せる
見せる,見せれ
見せる,見せろ
見せる,見せん
見た目,見た目
見つかる,見つかっ
見つかる,見つから
見つかる,見つかり
見つかる,見つかる
見つかる,見つかれ
見つかる,見つかん
見つける,見つけ
見つける,見つけよ
見つける,見つける
見つける,見つけれ
見つける,見つけろ
見つける,見つけん
見づらい,見づらい
見る,見
見る,見よ
見る,見りゃ
見る,見る
見る,見れ
見る,見ろ
見る,見ん
見れる,見れ
見れる,見れる
見下す,見下さ
見下す,見下し
見下す,見下す
見事,見事
見切れる,見切れ
見切れる,見切れる
見合い,見合い
見合わす,見合わす
見学,見学
見守る,見守っ
見守る,見守り
見守る,見守る
見守る,見守ろ
見張る,見張っ
見張る,見張ら
見張る,見張り
見張る,見張る
見張る,見張れ
見当たる,見当たら
見当たる,見当たり
見慣れる,見慣れ
見捨てる,見捨て
見捨てる,見捨てよ
見捨てる,見捨てる
見捨てる,見捨てろ
見損なう,見損なう
見損なう,見損なっ
見方,見方
見直す,見直さ
見直す,見直し
見直す,見直す
見習う,見習い
見習う,見習っ
見苦しい,見苦しい
見込み,見込み
見返す,見返し
見送れる,見送れ
見逃す,見逃さ
見逃す,見逃し
見逃す,見逃す
視,視
視力,視力
視点,視点
視線,視線
視聴,視聴
視野,視野
覗き,覗き
覗く,覗い
覗く,覗か
覗く,覗く
覚え,覚え
覚える,覚え
覚える,覚えよ
覚える,覚える
覚える,覚えれ
覚える,覚えろ
覚める,覚め
覚める,覚める
覚悟,覚悟
親,親
親しい,親し
親しい,親しい
親しい,親しかっ
親しい,親しき
親しい,親しく
親切,親切
親友,親友
親子,親子
親孝行,親孝行
親心,親心
親戚,親戚
親方,親方
親父,親父
観,観
観る,観
観る,観る
観光,観光
観察,観察
観戦,観戦
角度,角度
解,解
解き明かす,解き明かさ
解き明かす,解き明かし
解き明かす,解き明かす
解き明かす,解き明かそ
解ける,解け
解ける,解ける
解放,解放
解決,解決
解説,解説
解釈,解釈
解除,解除
触る,触
触る,触っ
触る,触ら
触る,触り
触る,触りゃ
触る,触る
触る,触れ
触る,触ろ
触る,触ん
触れる,触れ
触れる,触れよ
触れる,触れる
触れる,触れれ
言いきる,言いきっ
言いだす,言いだし
言いだす,言いだす
言いなり,言いなり
言い出す,言い出し
言い出す,言い出す
言い合う,言い合い
言い合う,言い合っ
言い換える,言い換え
言い換える,言い換える
言い換える,言い換えれ
言い方,言い方
言い残す,言い残し
言い残す,言い残す
言い聞かせる,言い聞かせ
言い聞かせる,言い聞かせる
言い訳,言い訳
言う,言い
言う,言う
言う,言え
言う,言お
言う,言っ
言う,言わ
言える,言え
言える,言えよ
言える,言える
言える,言えれ
言える,言えん
言わす,言わさ
言わす,言わす
言動,言動
言葉,言葉
言語,言語
計画,計画
計算,計算
訊く,訊い
訊く,訊く
訓練,訓練
託す,託さ
託す,託し
託す,託す
託す,託せ
託す,託そ
記事,記事
記入,記入
記憶,記憶
記者,記者
記録,記録
訪れ,訪れ
訪れる,訪れ
訪れる,訪れる
訪問,訪問
設定,設定
許し,許し
許す,許さ
許す,許し
許す,許す
許す,許せ
許す,許そ
許せる,許せ
許せる,許せよ
許せる,許せる
許せる,許せん
許可,許可
訳,訳
訳す,訳し
訴える,訴え
訴える,訴えよ
訴える,訴える
診る,診
証,証
証拠,証拠
証明,証明
詐欺,詐欺
評価,評価
評判,評判
試し,試し
試す,試さ
試す,試し
試す,試す
試す,試そ
試合,試合
試験,試験
詩,詩
詩吟,詩吟
詰まる,詰まっ
詰まる,詰まら
詰まる,詰まる
詰める,詰め
詰める,詰めよ
詰める,詰めりゃ
詰める,詰める
詰める,詰めれ
詰める,詰めろ
詰める,詰めん
話,話
話しかける,話しかけ
話しかける,話しかけよ
話しかける,話しかける
話し合い,話し合い
話し合う,話し合い
話し合う,話し合う
話し合う,話し合え
話し合う,話し合お
話し合う,話し合っ
話し手,話し手
話し方,話し方
話す,話さ
話す,話し
話す,話しゃ
話す,話す
話す,話せ
話す,話そ
話せる,話せ
話せる,話せよ
話せる,話せる
話題,話題
詳しい,詳し
詳しい,詳しい
詳しい,詳しかっ
詳しい,詳しく
詳細,詳細
誇り,誇り
認める,認め
認める,認めよ
認める,認める
認める,認めれ
認める,認めろ
認識,認識
誓う,誓い
誓う,誓う
誓う,誓お
誓う,誓っ
誓う,誓わ
誕生,誕生
誘い,誘い
誘う,誘い
誘う,誘う
誘う,誘え
誘う,誘お
誘う,誘っ
誘う,誘わ
語,語
語り合う,語り合う
語り合う,語り合え
語り合う,語り合っ
語り合う,語り合わ
語る,語っ
語る,語ら
語る,語り
語る,語る
語る,語ろ
語弊,語弊
語彙,語彙
誠実,誠実
誤る,誤
誤る,誤っ
誤る,誤る
誤る,誤れ
誤解,誤解
誤魔化す,誤魔化し
誤魔化す,誤魔化す
誤魔化す,誤魔化そ
説得,説得
説明,説明
読み上げる,読み上げ
読み上げる,読み上げる
読み取り,読み取り
読む,読ま
読む,読み
読む,読む
読む,読め
読む,読も
読む,読ん
読める,読め
読める,読めよ
読める,読める
読める,読めれ
読める,読めん
誰,誰
誰か,誰か
課,課
課する,課する
課する,課せ
課金,課金
課長,課長
課題,課題
調べる,調べ
調べる,調べよ
調べる,調べりゃ
調べる,調べる
調べる,調べれ
調べる,調べろ
調味,調味
調子,調子
調整,調整
調査,調査
論外,論外
論文,論文
論理,論理
諦める,諦め
諦める,諦めよ
諦める,諦める
諦める,諦めろ
諸君,諸君
謎,謎
謙虚,謙虚
謙譲,謙譲
謙遜,謙遜
講師,講師
講習,講習
謝る,謝っ
謝る,謝ら
謝る,謝り
謝る,謝る
謝る,謝れ
謝る,謝ろ
謝る,謝ん
謝罪,謝罪
謳歌,謳歌
警報,警報
警官,警官
警察,警察
警察官,警察官
警戒,警戒
議会,議会
議員,議員
議論,議論
譲る,譲っ
譲る,譲ら
譲る,譲り
譲る,譲る
譲る,譲れ
譲る,譲ろ
譲れる,譲れ
豆,豆
豆腐,豆腐
豊か,豊か
豚,豚
象徴,象徴
豹変,豹変
負,負
負う,負い
負う,負う
負う,負っ
負う,負わ
負け,負け
負ける,負け
負ける,負けりゃ
負ける,負ける
負ける,負けれ
負ける,負けん
負担,負担
財布,財布
財産,財産
貧しい,貧し
貧しい,貧しい
貧しい,貧しき
貧しい,貧しく
貧乏,貧乏
貧困,貧困
販売,販売
貫く,貫い
貫く,貫か
貫く,貫き
貫く,貫く
貫く,貫け
責,責
責任,責任
貯まる,貯まる
貯める,貯め
貯める,貯める
貯金,貯金
貰う,貰い
貰う,貰っ
貴方,貴方
貴族,貴族
貴重,貴重
買いかぶる,買いかぶり
買い与える,買い与え
買い物,買い物
買い置き,買い置き
買う,買い
買う,買う
買う,買え
買う,買お
買う,買っ
買う,買わ
買える,買え
買える,買えよ
買える,買える
買収,買収
貸し切り,貸し切り
貸す,貸し
貸す,貸す
貸す,貸せ
貸す,貸そ
費,費
費用,費用
貼る,貼っ
貼る,貼ら
貼る,貼り
貼る,貼る
貼る,貼れ
貿易,貿易
賃貸,賃貸
資料,資料
資格,資格
資産,資産
賛成,賛成
賞味,賞味
賢い,賢
賢い,賢い
賢い,賢く
賢い,賢くっ
賢者,賢者
質問,質問
購入,購入
賽銭,賽銭
贅沢,贅沢
贈り物,贈り物
贈る,贈っ
贈る,贈ら
贈る,贈り
贈る,贈る
贈る,贈ろ
赤,赤
赤い,赤い
赤い,赤く
赤ちゃん,赤ちゃん
走る,走
走る,走っ
走る,走ら
走る,走り
走る,走る
走る,走れ
走る,走ん
起きる,起き
起きる,起きよ
起きる,起きる
起きる,起きれ
起きる,起きろ
起き上がる,起き上がっ
起き上がる,起き上がり
起き上がる,起き上がる
起こす,起こさ
起こす,起こし
起こす,起こす
起こす,起こせ
起こす,起こそ
起こせる,起こせ
起こせる,起こせる
起こる,起こ
起こる,起こっ
起こる,起こら
起こる,起こり
起こる,起こる
起こる,起ころ
起こる,起こん
起床,起床
起業,起業
超,超
超える,超え
超える,超えよ
超える,超える
超える,超えれ
越える,越え
越える,越えよ
越える,越える
越える,越えれ
趣味,趣味
趣旨,趣旨
足,足
足し算,足し算
足す,足さ
足す,足し
足す,足す
足す,足せ
足りる,足り
足りる,足りる
足りる,足りん
足る,足っ
足る,足ら
足る,足り
足る,足る
足る,足ん
足元,足元
足跡,足跡
足音,足音
距離,距離
跡,跡
踊り,踊り
踊る,踊っ
踊る,踊ら
踊る,踊り
踊る,踊る
踏まえる,踏まえ
踏み入れる,踏み入れ
踏み入れる,踏み入れよ
踏み入れる,踏み入れる
踏み越える,踏み越え
踏み込む,踏み込ま
踏み込む,踏み込み
踏み込む,踏み込む
踏み込む,踏み込め
踏み込む,踏み込ん
踏む,踏ま
踏む,踏み
踏む,踏みゃ
踏む,踏む
踏む,踏め
踏む,踏も
踏む,踏ん
踏ん張れる,踏ん張れる
蹴る,蹴
蹴る,蹴っ
蹴る,蹴ら
蹴る,蹴り
蹴る,蹴る
身,身
身の回り,身の回り
身体,身体
身内,身内
身近,身近
身長,身長
車,車
車台,車台
軍隊,軍隊
軒,軒
転がる,転がっ
転がる,転がる
転ぶ,転ば
転ぶ,転び
転ぶ,転ぶ
転ぶ,転ん
転換,転換
転校,転校
転職,転職
転落,転落
軸,軸
軽い,軽
軽い,軽い
軽い,軽く
軽自動車,軽自動車
載せる,載せ
載せる,載せる
輝く,輝い
輝く,輝か
輝く,輝き
輝く,輝く
輸入,輸入
辛い,辛
辛い,辛い
辛い,辛かっ
辛い,辛く
辞める,辞め
辞める,辞めよ
辞める,辞める
辞書,辞書
辰,辰
農作業,農作業
農家,農家
辺,辺
辺り,辺り
込,込
込み入る,込み入っ
込む,込ま
込む,込み
込む,込みゃ
込む,込む
込む,込め
込む,込ん
込める,込め
込める,込めよ
込める,込める
込める,込めれ
込める,込めろ
辿る,辿っ
辿る,辿り
辿る,辿る
迎える,迎え
迎える,迎えよ
迎える,迎える
迎える,迎えろ
近い,近
近い,近い
近い,近う
近い,近かっ
近い,近く
近い,近けれ
近い,近し
近く,近く
近ごろ,近ごろ
近づく,近づい
近づく,近づか
近づく,近づき
近づく,近づきゃ
近づく,近づく
近づく,近づけ
近づく,近づこ
近づける,近づけ
近づける,近づける
近づける,近づけれ
近づける,近づけん
近代,近代
近寄る,近寄っ
近寄る,近寄ら
近寄る,近寄り
近寄る,近寄る
近年,近年
近所,近所
近道,近道
返す,返さ
返す,返し
返す,返しゃ
返す,返す
返す,返せ
返す,返そ
返せる,返せ
返せる,返せる
返る,返っ
返事,返事
返信,返信
返却,返却
返品,返品
返答,返答
返金,返金
迫る,迫っ
迫る,迫ら
迫る,迫り
迫る,迫る
迫力,迫力
迷い,迷い
迷う,迷い
迷う,迷う
迷う,迷え
迷う,迷っ
迷う,迷わ
迷子,迷子
迷惑,迷惑
迷路,迷路
追いかける,追いかけ
追いかける,追いかける
追いつく,追いつい
追いつく,追いつか
追いつく,追いつき
追いつく,追いつく
追い詰める,追い詰め
追い詰める,追い詰める
追い越す,追い越さ
追い越す,追い越し
追い越す,追い越す
追い込む,追い込ま
追い込む,追い込み
追い込む,追い込む
追い込む,追い込ん
追う,追い
追う,追う
追う,追え
追う,追っ
追う,追わ
追加,追加
追跡,追跡
追随,追随
退る,退
退学,退学
退屈,退屈
退治,退治
送り迎え,送り迎え
送る,送っ
送る,送ら
送る,送り
送る,送る
送る,送れ
送る,送ろ
送る,送ん
送れる,送れ
送れる,送れる
送料,送料
送金,送金
逃がす,逃がさ
逃がす,逃がし
逃がす,逃がしゃ
逃がす,逃がす
逃がす,逃がせ
逃げる,逃げ
逃げる,逃げよ
逃げる,逃げる
逃げる,逃げれ
逃げる,逃げろ
逃げる,逃げん
逃げ出す,逃げ出し
逃げ出す,逃げ出す
逃す,逃さ
逃す,逃し
逃す,逃す
逃れる,逃れ
逃れる,逃れよ
逃れる,逃れる
逆,逆
逆らう,逆らい
逆らう,逆らう
逆らう,逆らえ
逆らう,逆らお
逆らう,逆らっ
逆らう,逆らわ
逆転,逆転
途上,途上
途中,途中
途切れる,途切れ
途端,途端
通う,通い
通う,通う
通う,通え
通う,通っ
通う,通わ
通じる,通じ
通じる,通じる
通す,通さ
通す,通し
通す,通す
通す,通せ
通す,通そ
通り,通り
通りすがり,通りすがり
通り過ぎる,通り過ぎ
通り過ぎる,通り過ぎる
通る,通っ
通る,通ら
通る,通り
通る,通る
通る,通れ
通る,通ん
通れる,通れ
通れる,通れる
通勤,通勤
通常,通常
通知,通知
通話,通話
通院,通院
通電,通電
速い,速
速い,速い
速い,速かっ
速い,速く
速い,速けれ
速攻,速攻
造る,造っ
造る,造ら
造る,造り
造る,造る
連れ,連れ
連れる,連れ
連れ回す,連れ回し
連れ回す,連れ回す
連中,連中
連絡,連絡
連続,連続
逮捕,逮捕
週,週
週末,週末
週間,週間
進む,進ま
進む,進み
進む,進む
進む,進め
進む,進も
進む,進ん
進める,進め
進める,進めよ
進める,進める
進める,進めろ
進学,進学
進撃,進撃
進路,進路
逸らす,逸らさ
逸らす,逸らし
遂に,遂に
遅い,遅
遅い,遅い
遅い,遅かっ
遅い,遅く
遅い,遅し
遅ればせながら,遅ればせながら
遅れる,遅れ
遅れる,遅れる
遅れる,遅れれ
遅刻,遅刻
遊び,遊び
遊ぶ,遊ば
遊ぶ,遊び
遊ぶ,遊ぶ
遊ぶ,遊べ
遊ぶ,遊ぼ
遊ぶ,遊ん
遊べる,遊べ
遊べる,遊べる
遊園,遊園
運,運
運ぶ,運ば
運ぶ,運び
運ぶ,運ぶ
運ぶ,運べ
運ぶ,運ぼ
運ぶ,運ん
運べる,運べ
運べる,運べる
運動,運動
運命,運命
運営,運営
運転,運転
過,過
過ぎ,過ぎ
過ぎる,過ぎ
過ぎる,過ぎよ
過ぎる,過ぎる
過ぎる,過ぎれ
過ごす,過ごさ
過ごす,過ごし
過ごす,過ごす
過ごす,過ごそ
過剰,過剰
過去,過去
過程,過程
過言,過言
道,道
道具,道具
道路,道路
達,達
達す,達し
達人,達人
違い,違い
違う,違い
違う,違う
違う,違え
違う,違っ
違う,違わ
違和感,違和感
遠い,遠
遠い,遠い
遠い,遠かっ
遠い,遠かろ
遠い,遠く
遠く,遠く
遠ざかる,遠ざかっ
遠ざかる,遠ざかる
遠回し,遠回し
遠慮,遠慮
遠方,遠方
遠足,遠足
遠距離,遠距離
遣う,遣い
遣う,遣う
遣う,遣え
遣う,遣っ
遣う,遣わ
遣り取り,遣り取り
遣る,遣
遣る,遣っ
適す,適さ
適す,適し
適切,適切
適当,適当
遭う,遭い
遭う,遭う
遭う,遭え
遭う,遭お
遭う,遭っ
遭う,遭わ
選ぶ,選ば
選ぶ,選び
選ぶ,選ぶ
選ぶ,選べ
選ぶ,選ぼ
選ぶ,選ん
選手,選手
選択,選択
選択肢,選択肢
選挙,選挙
遺体,遺体
遺族,遺族
遺産,遺産
避ける,避け
避ける,避けよ
避ける,避ける
避ける,避けれ
避ける,避けろ
避難,避難
邪,邪
邪魔,邪魔
部,部
部下,部下
部分,部分
部品,部品
部員,部員
部屋,部屋
部活,部活
部長,部長
郵便,郵便
都,都
都会,都会
都合,都合
都市,都市
配る,配っ
配る,配ら
配る,配り
配る,配る
配る,配れ
配る,配ろ
配信,配信
配分,配分
配送,配送
配達,配達
酒,酒
酔い,酔い
酔う,酔い
酔う,酔う
酔う,酔え
酔う,酔っ
酔う,酔わ
酔っ払う,酔っ払い
酔っ払う,酔っ払っ
酢,酢
酷い,酷い
酷い,酷く
醜い,醜
醜い,醜い
醜い,醜く
醜い,醜くっ
醤油,醤油
重,重
重い,重
重い,重い
重い,重かっ
重い,重く
重ねる,重ね
重ねる,重ねよ
重ねる,重ねる
重ねる,重ねれ
重力,重力
重曹,重曹
重要,重要
重視,重視
野望,野望
野球,野球
野菜,野菜
野郎,野郎
量,量
金,金
金属,金属
金持ち,金持ち
金曜日,金曜日
金輪際,金輪際
金銭,金銭
釣り,釣り
釣る,釣っ
釣る,釣ら
釣る,釣り
釣る,釣る
鈍い,鈍
鈍い,鈍い
鈍い,鈍く
鈴,鈴
鈴木,鈴木
鉄,鉄
鉄砲,鉄砲
銀行,銀行
銃,銃
鋭い,鋭い
鋭い,鋭く
鋼,鋼
錠剤,錠剤
錬成,錬成
録画,録画
鍋,鍋
鍛える,鍛え
鍛える,鍛える
鍛え上げる,鍛え上げ
鍵,鍵
鎖国,鎖国
鏡,鏡
鑑識,鑑識
長,長
長い,長
長い,長い
長い,長かっ
長い,長き
長い,長く
長い,長くっ
長ける,長け
長崎,長崎
長年,長年
長引く,長引い
長引く,長引き
長引く,長引く
長引く,長引け
長所,長所
長時間,長時間
長期,長期
長生き,長生き
長者,長者
長袖,長袖
門,門
閉ざす,閉ざさ
閉ざす,閉ざし
閉ざす,閉ざす
閉じる,閉じ
閉じる,閉じる
閉じる,閉じれ
閉じる,閉じろ
閉じ込める,閉じ込め
閉じ込める,閉じ込めよ
閉じ込める,閉じ込める
閉まる,閉まっ
閉まる,閉まる
閉める,閉め
閉める,閉める
閉める,閉めろ
閉店,閉店
開く,開い
開く,開か
開く,開き
開く,開きゃ
開く,開く
開く,開け
開く,開こ
開けっ放し,開けっ放し
開ける,開け
開ける,開けよ
開ける,開けりゃ
開ける,開ける
開ける,開けれ
開ける,開けろ
開ける,開けん
開催,開催
開始,開始
開拓,開拓
開発,開発
開示,開示
間,間
間に合う,間に合い
間に合う,間に合う
間に合う,間に合っ
間に合う,間に合わ
間接,間接
間違い,間違い
間違う,間違う
間違う,間違っ
間違う,間違わ
間違える,間違え
間違える,間違えりゃ
間違える,間違える
間違える,間違えれ
関,関
関わる,関わ
関わる,関わっ
関わる,関わら
関わる,関わり
関わる,関わる
関わる,関われ
関係,関係
関心,関心
関東,関東
関西,関西
閲覧,閲覧
闇,闇
防ぐ,防い
防ぐ,防が
防ぐ,防ぎ
防ぐ,防ぐ
防ぐ,防ご
防具,防具
防災,防災
防犯,防犯
防護,防護
阻む,阻ま
阻む,阻む
阻む,阻ん
阻止,阻止
降り,降り
降りる,降り
降りる,降りよ
降りる,降りる
降りる,降りれ
降りる,降りろ
降る,降
降る,降っ
降る,降ら
降る,降り
降る,降る
降る,降れ
限り,限り
限る,限っ
限る,限ら
限る,限り
限る,限る
限界,限界
院,院
陣,陣
除く,除い
除く,除く
除く,除け
除外,除外
陥る,陥
陥る,陥っ
陥る,陥ら
陥る,陥り
陥る,陥る
陥る,陥れ
陥れる,陥れ
陰,陰
陰性,陰性
陰謀,陰謀
陸地,陸地
陽平,陽平
陽性,陽性
隅,隅
隊長,隊長
階,階
階段,階段
随分,随分
隙,隙
隙間,隙間
際,際
障る,障
障る,障っ
障る,障り
障る,障る
隠し事,隠し事
隠す,隠さ
隠す,隠し
隠す,隠す
隠す,隠せ
隠す,隠そ
隠れる,隠れ
隠れる,隠れよ
隠れる,隠れる
隠れる,隠れれ
隣,隣
隣る,隣り
雄介,雄介
集まる,集まっ
集まる,集まり
集まる,集まる
集まる,集まれ
集まる,集まろ
集まる,集まん
集める,集め
集める,集めよ
集める,集めりゃ
集める,集める
集める,集めれ
集める,集めろ
集中,集中
集合,集合
集団,集団
雇う,雇い
雇う,雇う
雇う,雇っ
雇う,雇わ
雑煮,雑煮
雑用,雑用
雑誌,雑誌
雑談,雑談
雑貨,雑貨
雑魚,雑魚
離す,離さ
離す,離し
離す,離す
離す,離せ
離せる,離せ
離せる,離せよ
離せる,離せん
離れる,離れ
離れる,離れよ
離れる,離れりゃ
離れる,離れる
離れる,離れれ
離れる,離れろ
離婚,離婚
難しい,難し
難しい,難しい
難しい,難しかっ
難しい,難しく
難易,難易
難航,難航
雨,雨
雨宿り,雨宿り
雪,雪
雰囲気,雰囲気
雲,雲
電化,電化
電気,電気
電池,電池
電波,電波
電源,電源
電話,電話
電車,電車
需要,需要
震える,震え
震える,震える
震度,震度
霊,霊
青い,青
青い,青い
青い,青かっ
青い,青き
青い,青く
青い,青くっ
青信号,青信号
青葉,青葉
静か,静か
非,非
非常,非常
非常勤,非常勤
非常時,非常時
非常識,非常識
非難,非難
面,面
面倒,面倒
面倒くさい,面倒くさ
面倒くさい,面倒くさい
面倒くさい,面倒くさく
面接,面接
面白い,面白
面白い,面白い
面白い,面白かっ
面白い,面白く
革命,革命
靴,靴
靴下,靴下
鞄,鞄
韓国,韓国
音,音
音声,音声
音楽,音楽
音痴,音痴
音響,音響
響く,響い
響く,響か
響く,響き
響く,響く
頂く,頂い
頂く,頂か
頂く,頂き
頂く,頂く
頂く,頂こ
頂ける,頂け
頂ける,頂ける
頂ける,頂けれ
頂上,頂上
頂戴,頂戴
頃,頃
頃合,頃合
項目,項目
順,順
順位,順位
順番,順番
順調,順調
預かる,預かっ
預かる,預から
預かる,預かり
預かる,預かる
預ける,預け
預ける,預ける
預ける,預けろ
頑固,頑固
頑張り,頑張り
頑張る,頑張っ
頑張る,頑張り
頑張る,頑張る
頑張る,頑張れ
頑張る,頑張ろ
頑張る,頑張ん
頑張れる,頑張れ
頑張れる,頑張れよ
頑張れる,頑張れる
領分,領分
頭,頭
頭痛,頭痛
頻度,頻度
頻繁,頻繁
頼み,頼み
頼み込む,頼み込み
頼み込む,頼み込ん
頼む,頼ま
頼む,頼み
頼む,頼む
頼む,頼め
頼む,頼も
頼む,頼ん
頼り,頼り
頼る,頼っ
頼る,頼ら
頼る,頼り
頼る,頼る
頼る,頼ろ
題名,題名
顎,顎
顔,顔
顔色,顔色
顕示,顕示
願い,願い
願い事,願い事
願う,願い
願う,願う
願う,願え
願う,願お
願う,願っ
願望,願望
顧問,顧問
風,風
風俗,風俗
風呂,風呂
風子,風子
風景,風景
風船,風船
風車,風車
風速,風速
風邪,風邪
飛ばす,飛ばさ
飛ばす,飛ばし
飛ばす,飛ばす
飛びつく,飛びつい
飛びつく,飛びつく
飛び出す,飛び出し
飛び出す,飛び出す
飛び込む,飛び込み
飛び込む,飛び込む
飛び込む,飛び込め
飛び込む,飛び込ん
飛び降りる,飛び降り
飛び降りる,飛び降りる
飛ぶ,飛ば
飛ぶ,飛び
飛ぶ,飛ぶ
飛ぶ,飛べ
飛ぶ,飛ぼ
飛ぶ,飛ん
飛行,飛行
飛行機,飛行機
食,食
食あたり,食あたり
食う,食い
食う,食う
食う,食え
食う,食お
食う,食っ
食う,食わ
食べる,食べ
食べる,食べよ
食べる,食べる
食べる,食べれ
食べる,食べろ
食べる,食べん
食べ物,食べ物
食らう,食らい
食らう,食らう
食らう,食らえ
食らう,食らっ
食らう,食らわ
食事,食事
食品,食品
食器,食器
食堂,食堂
食材,食材
食生活,食生活
食費,食費
飯,飯
飲み物,飲み物
飲み込む,飲み込ま
飲み込む,飲み込み
飲み込む,飲み込む
飲み込む,飲み込も
飲み込む,飲み込ん
飲む,飲ま
飲む,飲み
飲む,飲みゃ
飲む,飲む
飲む,飲め
飲む,飲も
飲む,飲ん
飲める,飲め
飲める,飲める
飲める,飲めれ
飲める,飲めん
飲食,飲食
飼い主,飼い主
飼う,飼い
飼う,飼う
飼う,飼お
飼う,飼っ
飼う,飼わ
飼育,飼育
飽きる,飽き
飽きる,飽きる
飽く,飽い
飽く,飽き
飾り,飾り
飾る,飾っ
飾る,飾ら
飾る,飾り
飾る,飾る
飾る,飾ろ
餅,餅
養う,養う
養う,養お
養う,養っ
養う,養わ
餌,餌
館,館
首,首
香り,香り
馬,馬
馬車,馬車
馬鹿,馬鹿
馴染み,馴染み
駄目,駄目
駅,駅
駅前,駅前
駆けつける,駆けつけ
駆けつける,駆けつける
駆け寄る,駆け寄っ
駆け引き,駆け引き
駆け落ち,駆け落ち
駆け込む,駆け込ん
駆除,駆除
駐車,駐車
騎手,騎手
騎馬,騎馬
騒がせる,騒がせ
騒ぎ,騒ぎ
騒ぐ,騒い
騒ぐ,騒が
騒ぐ,騒ぎ
騒ぐ,騒ぐ
騒音,騒音
騙す,騙さ
騙す,騙し
騙す,騙す
騙す,騙そ
驚く,驚い
驚く,驚か
驚く,驚く
驚く,驚け
骨,骨
骨折,骨折
高,高
高い,高
高い,高い
高い,高かっ
高い,高かろ
高い,高き
高い,高く
高い,高けれ
高まる,高まっ
高まる,高まり
高まる,高まる
高める,高め
高める,高める
高める,高めれ
高位,高位
高柳,高柳
高校,高校
高橋,高橋
高級,高級
高速,高速
高齢,高齢
髪,髪
髪の毛,髪の毛
髪型,髪型
髭,髭
鬼,鬼
魂,魂
魅力,魅力
魔,魔
魔力,魔力
魔女,魔女
魔法,魔法
魚,魚
鯉,鯉
鳥,鳥
鳩,鳩
鳴き声,鳴き声
鳴らす,鳴らし
鳴らす,鳴らす
鳴り響く,鳴り響い
鳴る,鳴っ
鳴る,鳴ら
鳴る,鳴り
鳴る,鳴る
鴨,鴨
鵜呑み,鵜呑み
鶴,鶴
麦野,麦野
麺,麺
麻,麻
麻酔,麻酔
黄色い,黄色い
黒,黒
黒い,黒
黒い,黒い
黒い,黒き
黒い,黒く
黒沼,黒沼
黙る,黙
黙る,黙っ
黙る,黙ら
黙る,黙り
黙る,黙れ
鼻,鼻
龍,龍
％,％
，,，
